creator_id,tier,list_source,is_sampled,is_posted,gmv,is_touched
L3_0001,L3+,L3+,1,1,3024.48,1
L3_0002,L3+,L3+,1,1,861.95,1
L3_0003,L3+,L3+,1,1,119.17,1
L3_0004,L3+,L3+,1,1,6954.17,1
L3_0005,L3+,L3+,1,1,4304.64,1
L3_0006,L3+,L3+,1,1,5255.31,1
L3_0007,L3+,L3+,1,1,10560.1,1
L3_0008,L3+,L3+,1,1,382.07,1
L3_0009,L3+,L3+,1,1,1009.16,1
L3_0010,L3+,L3+,1,1,2839.61,1
L3_0011,L3+,L3+,1,1,2381.59,1
L3_0012,L3+,L3+,1,1,334.23,1
L3_0013,L3+,L3+,1,1,3383.83,1
L3_0014,L3+,L3+,1,1,508.34,1
L3_0015,L3+,L3+,1,1,506.74,1
L3_0016,L3+,L3+,1,1,1539.95,1
L3_0017,L3+,L3+,1,1,1797.59,1
L3_0018,L3+,L3+,1,1,1735.41,1
L3_0019,L3+,L3+,1,1,191.89,1
L3_0020,L3+,L3+,1,1,4198.65,1
L3_0021,L3+,L3+,1,1,617.4,1
L3_0022,L3+,L3+,1,1,277.41,1
L3_0023,L3+,L3+,1,1,4391.92,1
L3_0024,L3+,L3+,1,1,6231.35,1
L3_0025,L3+,L3+,1,1,3962.85,1
L3_0026,L3+,L3+,1,1,3316.37,1
L3_0027,L3+,L3+,1,1,2129.83,1
L3_0028,L3+,L3+,1,1,1600.83,1
L3_0029,L3+,L3+,1,1,182.01,1
L3_0030,L3+,L3+,1,1,1050.03,1
L3_0031,L3+,L3+,1,1,932.62,1
L3_0032,L3+,L3+,1,1,601.54,1
L3_0033,L3+,L3+,1,1,2570.51,1
L3_0034,L3+,L3+,1,1,1369.86,1
L3_0035,L3+,L3+,1,1,169.04,1
L3_0036,L3+,L3+,1,1,497.39,1
L3_0037,L3+,L3+,1,1,2299.34,1
L3_0038,L3+,L3+,1,1,158.37,1
L3_0039,L3+,L3+,1,1,3810.4,1
L3_0040,L3+,L3+,1,1,1366.97,1
L3_0041,L3+,L3+,1,1,1310.11,1
L3_0042,L3+,L3+,1,1,1794.98,1
L3_0043,L3+,L3+,1,1,3482.3,1
L3_0044,L3+,L3+,1,1,854.84,1
L3_0045,L3+,L3+,1,1,2266.51,1
L3_0046,L3+,L3+,1,1,1668.19,1
L3_0047,L3+,L3+,1,1,621.3,1
L3_0048,L3+,L3+,1,1,4217.82,1
L3_0049,L3+,L3+,1,1,3193.3,1
L3_0050,L3+,L3+,1,1,2148.53,1
L3_0051,L3+,L3+,1,1,3802.01,1
L3_0052,L3+,L3+,1,1,4039.24,1
L3_0053,L3+,L3+,1,1,2464.49,1
L3_0054,L3+,L3+,1,1,3628.17,1
L3_0055,L3+,L3+,1,1,2391.16,1
L3_0056,L3+,L3+,1,1,2279.75,1
L3_0057,L3+,L3+,1,1,1927.87,1
L3_0058,L3+,L3+,1,1,2794.44,1
L3_0059,L3+,L3+,1,1,345.39,1
L3_0060,L3+,L3+,1,1,4255.09,1
L3_0061,L3+,L3+,1,1,4109.01,1
L3_0062,L3+,L3+,1,1,59.37,1
L3_0063,L3+,L3+,1,1,3495.29,1
L3_0064,L3+,L3+,1,1,275.93,1
L3_0065,L3+,L3+,1,1,816.29,1
L3_0066,L3+,L3+,1,1,2721.32,1
L3_0067,L3+,L3+,1,1,350.52,1
L3_0068,L3+,L3+,1,1,3407.13,1
L3_0069,L3+,L3+,1,1,3569.18,1
L3_0070,L3+,L3+,1,1,1416.39,1
L3_0071,L3+,L3+,1,1,12.81,1
L3_0072,L3+,L3+,1,1,676.65,1
L3_0073,L3+,L3+,1,1,1919.06,1
L3_0074,L3+,L3+,1,1,7946.33,1
L3_0075,L3+,L3+,1,1,1998.33,1
L3_0076,L3+,L3+,1,1,601.68,1
L3_0077,L3+,L3+,1,1,2010.28,1
L3_0078,L3+,L3+,1,1,1552.99,1
L3_0079,L3+,L3+,1,1,3026.85,1
L3_0080,L3+,L3+,1,1,226.29,1
L3_0081,L3+,L3+,1,1,2862.82,1
L3_0082,L3+,L3+,1,1,1558.57,1
L3_0083,L3+,L3+,1,1,6593.24,1
L3_0084,L3+,L3+,1,1,836.71,1
L3_0085,L3+,L3+,1,1,2002.73,1
L3_0086,L3+,L3+,1,1,5377.32,1
L3_0087,L3+,L3+,1,1,216.31,1
L3_0088,L3+,L3+,1,1,5536.51,1
L3_0089,L3+,L3+,1,1,2328.77,1
L3_0090,L3+,L3+,1,1,140.5,1
L3_0091,L3+,L3+,1,1,716.1,1
L3_0092,L3+,L3+,1,1,2463.18,1
L3_0093,L3+,L3+,1,1,139.45,1
L3_0094,L3+,L3+,1,1,1745.36,1
L3_0095,L3+,L3+,1,1,848.94,1
L3_0096,L3+,L3+,1,1,1939.99,1
L3_0097,L3+,L3+,1,1,93.64,1
L3_0098,L3+,L3+,1,1,4104.23,1
L3_0099,L3+,L3+,1,1,7260.39,1
L3_0100,L3+,L3+,1,1,6939.67,1
L3_0101,L3+,L3+,1,1,2769.81,1
L3_0102,L3+,L3+,1,1,278.72,1
L3_0103,L3+,L3+,1,1,2839.81,1
L3_0104,L3+,L3+,1,1,49.79,1
L3_0105,L3+,L3+,1,1,44.74,1
L3_0106,L3+,L3+,1,1,781.97,1
L3_0107,L3+,L3+,1,1,1341.38,1
L3_0108,L3+,L3+,1,1,2942.9,1
L3_0109,L3+,L3+,1,1,2299.57,1
L3_0110,L3+,L3+,1,1,1180.83,1
L3_0111,L3+,L3+,0,1,479.54,1
L3_0112,L3+,L3+,0,1,8777.29,1
L3_0113,L3+,L3+,0,1,833.16,1
L3_0114,L3+,L3+,0,1,900.54,1
L3_0115,L3+,L3+,0,1,268.02,1
L3_0116,L3+,L3+,0,1,2375.73,1
L3_0117,L3+,L3+,0,1,1774.7,1
L3_0118,L3+,L3+,0,1,374.17,1
L3_0119,L3+,L3+,0,1,128.96,1
L3_0120,L3+,L3+,0,1,1711.49,1
L3_0121,L3+,L3+,0,1,1594.19,1
L3_0122,L3+,L3+,0,1,478.78,1
L3_0123,L3+,L3+,0,1,4519.73,1
L3_0124,L3+,L3+,0,1,245.65,1
L3_0125,L3+,L3+,0,1,849.34,1
L3_0126,L3+,L3+,0,1,4313.35,1
L3_0127,L3+,L3+,0,1,816.39,1
L3_0128,L3+,L3+,0,0,985.67,0
L3_0129,L3+,L3+,0,0,3.49,0
L3_0130,L3+,L3+,0,0,357.44,0
L3_0131,L3+,L3+,0,0,270.14,0
L3_0132,L3+,L3+,0,0,125.58,0
L3_0133,L3+,L3+,0,0,63.84,0
L3_0134,L3+,L3+,0,0,205.95,0
L3_0135,L3+,L3+,0,0,1431.56,0
L3_0136,L3+,L3+,0,0,195.19,0
L3_0137,L3+,L3+,0,0,365.73,0
L3_0138,L3+,L3+,0,0,607.04,0
L3_0139,L3+,L3+,0,0,225.99,0
L3_0140,L3+,L3+,0,0,1783.9,0
L3_0141,L3+,L3+,0,0,1641.0,0
L3_0142,L3+,L3+,0,0,145.03,0
L3_0143,L3+,L3+,0,0,343.83,0
L3_0144,L3+,L3+,0,0,178.97,0
L3_0145,L3+,L3+,0,0,167.62,0
L3_0146,L3+,L3+,0,0,18.79,0
L3_0147,L3+,L3+,0,0,470.25,0
L3_0148,L3+,L3+,0,0,349.26,0
L3_0149,L3+,L3+,0,0,26.43,0
L3_0150,L3+,L3+,0,0,163.31,0
L3_0151,L3+,L3+,0,0,1194.43,0
L3_0152,L3+,L3+,0,0,136.93,0
L3_0153,L3+,L3+,0,0,78.27,0
L3_0154,L3+,L3+,0,0,336.14,0
L3_0155,L3+,L3+,0,0,2122.02,0
L3_0156,L3+,L3+,0,0,138.57,0
L3_0157,L3+,L3+,0,0,557.58,0
L3_0158,L3+,L3+,0,0,716.94,0
L3_0159,L3+,L3+,0,0,135.67,0
L3_0160,L3+,L3+,0,0,651.37,0
L3_0161,L3+,L3+,0,0,229.26,0
L3_0162,L3+,L3+,0,0,500.25,0
L3_0163,L3+,L3+,0,0,501.92,0
L3_0164,L3+,L3+,0,0,383.69,0
L3_0165,L3+,L3+,0,0,47.31,0
L3_0166,L3+,L3+,0,0,901.82,0
L3_0167,L3+,L3+,0,0,193.41,0
L3_0168,L3+,L3+,0,0,103.22,0
L3_0169,L3+,L3+,0,0,20.81,0
L3_0170,L3+,L3+,0,0,446.89,0
L3_0171,L3+,L3+,0,0,565.93,0
L3_0172,L3+,L3+,0,0,8.36,0
L3_0173,L3+,L3+,0,0,358.82,0
L3_0174,L3+,L3+,0,0,128.41,0
L3_0175,L3+,L3+,0,0,518.06,0
L3_0176,L3+,L3+,0,0,95.8,0
L3_0177,L3+,L3+,0,0,587.11,0
L3_0178,L3+,L3+,0,0,244.48,0
L3_0179,L3+,L3+,0,0,1380.17,0
L3_0180,L3+,L3+,0,0,73.97,0
L3_0181,L3+,L3+,0,0,208.57,0
L3_0182,L3+,L3+,0,0,60.22,0
L3_0183,L3+,L3+,0,0,1293.1,0
L3_0184,L3+,L3+,0,0,1049.17,0
L3_0185,L3+,L3+,0,0,149.16,0
L3_0186,L3+,L3+,0,0,539.38,0
L3_0187,L3+,L3+,0,0,849.74,0
L3_0188,L3+,L3+,0,0,405.07,0
L3_0189,L3+,L3+,0,0,377.14,0
L3_0190,L3+,L3+,0,0,138.44,0
L3_0191,L3+,L3+,0,0,48.86,0
L3_0192,L3+,L3+,0,0,1137.56,0
L3_0193,L3+,L3+,0,0,1153.39,0
L3_0194,L3+,L3+,0,0,501.33,0
L3_0195,L3+,L3+,0,0,207.02,0
L3_0196,L3+,L3+,0,0,214.78,0
L3_0197,L3+,L3+,0,0,647.23,0
L3_0198,L3+,L3+,0,0,1137.05,0
L3_0199,L3+,L3+,0,0,1090.57,0
L3_0200,L3+,L3+,0,0,756.78,0
L3_0201,L3+,L3+,0,0,513.66,0
L3_0202,L3+,L3+,0,0,43.95,0
L3_0203,L3+,L3+,0,0,88.15,0
L3_0204,L3+,L3+,0,0,1144.12,0
L3_0205,L3+,L3+,0,0,466.25,0
L3_0206,L3+,L3+,0,0,4.62,0
L3_0207,L3+,L3+,0,0,53.5,0
L3_0208,L3+,L3+,0,0,544.58,0
L3_0209,L3+,L3+,0,0,2.54,0
L3_0210,L3+,L3+,0,0,87.66,0
L3_0211,L3+,L3+,0,0,397.85,0
L3_0212,L3+,L3+,0,0,588.66,0
L3_0213,L3+,L3+,0,0,527.72,0
L3_0214,L3+,L3+,0,0,126.97,0
L3_0215,L3+,L3+,0,0,622.71,0
L3_0216,L3+,L3+,0,0,135.41,0
L3_0217,L3+,L3+,0,0,196.82,0
L3_0218,L3+,L3+,0,0,686.18,0
L3_0219,L3+,L3+,0,0,524.39,0
L3_0220,L3+,L3+,0,0,945.98,0
L3_0221,L3+,L3+,0,0,535.91,0
L3_0222,L3+,L3+,0,0,420.02,0
L3_0223,L3+,L3+,0,0,49.18,0
L3_0224,L3+,L3+,0,0,229.21,0
L3_0225,L3+,L3+,0,0,154.08,0
L3_0226,L3+,L3+,0,0,139.85,0
L3_0227,L3+,L3+,0,0,1806.15,0
L3_0228,L3+,L3+,0,0,249.69,0
L3_0229,L3+,L3+,0,0,1113.03,0
L3_0230,L3+,L3+,0,0,498.67,0
L3_0231,L3+,L3+,0,0,791.91,0
L3_0232,L3+,L3+,0,0,349.22,0
L3_0233,L3+,L3+,0,0,430.08,0
L3_0234,L3+,L3+,0,0,339.15,0
L3_0235,L3+,L3+,0,0,108.61,0
L3_0236,L3+,L3+,0,0,640.88,0
L3_0237,L3+,L3+,0,0,164.79,0
L3_0238,L3+,L3+,0,0,12.31,0
L3_0239,L3+,L3+,0,0,518.48,0
L3_0240,L3+,L3+,0,0,97.47,0
L3_0241,L3+,L3+,0,0,1410.54,0
L3_0242,L3+,L3+,0,0,1538.78,0
L3_0243,L3+,L3+,0,0,1231.75,0
L3_0244,L3+,L3+,0,0,231.14,0
L3_0245,L3+,L3+,0,0,7.79,0
L3_0246,L3+,L3+,0,0,1317.76,0
L3_0247,L3+,L3+,0,0,279.47,0
L3_0248,L3+,L3+,0,0,1700.42,0
L3_0249,L3+,L3+,0,0,1656.87,0
L3_0250,L3+,L3+,0,0,958.69,0
L3_0251,L3+,L3+,0,0,174.39,0
L3_0252,L3+,L3+,0,0,243.15,0
L3_0253,L3+,L3+,0,0,952.36,0
L3_0254,L3+,L3+,0,0,190.57,0
L3_0255,L3+,L3+,0,0,92.86,0
L3_0256,L3+,L3+,0,0,406.87,0
L3_0257,L3+,L3+,0,0,1375.65,0
L3_0258,L3+,L3+,0,0,595.41,0
L3_0259,L3+,L3+,0,0,422.06,0
L3_0260,L3+,L3+,0,0,51.11,0
L3_0261,L3+,L3+,0,0,477.27,0
L3_0262,L3+,L3+,0,0,2305.28,0
L3_0263,L3+,L3+,0,0,75.46,0
L3_0264,L3+,L3+,0,0,365.25,0
L3_0265,L3+,L3+,0,0,1049.3,0
L3_0266,L3+,L3+,0,0,675.02,0
L3_0267,L3+,L3+,0,0,597.04,0
L3_0268,L3+,L3+,0,0,606.14,0
L3_0269,L3+,L3+,0,0,222.75,0
L3_0270,L3+,L3+,0,0,173.78,0
L3_0271,L3+,L3+,0,0,828.69,0
L3_0272,L3+,L3+,0,0,830.66,0
L3_0273,L3+,L3+,0,0,1008.98,0
L3_0274,L3+,L3+,0,0,1222.31,0
L3_0275,L3+,L3+,0,0,358.05,0
L3_0276,L3+,L3+,0,0,348.09,0
L3_0277,L3+,L3+,0,0,800.47,0
L3_0278,L3+,L3+,0,0,524.86,0
L3_0279,L3+,L3+,0,0,605.28,0
L3_0280,L3+,L3+,0,0,794.31,0
L3_0281,L3+,L3+,0,0,1103.66,0
L3_0282,L3+,L3+,0,0,206.24,0
L3_0283,L3+,L3+,0,0,235.47,0
L3_0284,L3+,L3+,0,0,49.35,0
L3_0285,L3+,L3+,0,0,431.71,0
L3_0286,L3+,L3+,0,0,18.3,0
L3_0287,L3+,L3+,0,0,313.3,0
L3_0288,L3+,L3+,0,0,391.15,0
L3_0289,L3+,L3+,0,0,168.82,0
L3_0290,L3+,L3+,0,0,446.82,0
L3_0291,L3+,L3+,0,0,15.49,0
L3_0292,L3+,L3+,0,0,19.03,0
L3_0293,L3+,L3+,0,0,864.68,0
L3_0294,L3+,L3+,0,0,223.29,0
L3_0295,L3+,L3+,0,0,67.94,0
L3_0296,L3+,L3+,0,0,369.33,0
L3_0297,L3+,L3+,0,0,734.82,0
L3_0298,L3+,L3+,0,0,121.56,0
L3_0299,L3+,L3+,0,0,487.61,0
L3_0300,L3+,L3+,0,0,44.61,0
L3_0301,L3+,L3+,0,0,26.53,0
L3_0302,L3+,L3+,0,0,378.95,0
L3_0303,L3+,L3+,0,0,388.96,0
L3_0304,L3+,L3+,0,0,507.27,0
L3_0305,L3+,L3+,0,0,647.48,0
L3_0306,L3+,L3+,0,0,1861.78,0
L3_0307,L3+,L3+,0,0,363.15,0
L3_0308,L3+,L3+,0,0,195.01,0
L3_0309,L3+,L3+,0,0,792.83,0
L3_0310,L3+,L3+,0,0,157.93,0
L3_0311,L3+,L3+,0,0,288.99,0
L3_0312,L3+,L3+,0,0,40.85,0
L3_0313,L3+,L3+,0,0,12.84,0
L3_0314,L3+,L3+,0,0,1643.69,0
L3_0315,L3+,L3+,0,0,903.88,0
L3_0316,L3+,L3+,0,0,595.32,0
L3_0317,L3+,L3+,0,0,262.93,0
L3_0318,L3+,L3+,0,0,95.15,0
L3_0319,L3+,L3+,0,0,85.06,0
L3_0320,L3+,L3+,0,0,144.0,0
L3_0321,L3+,L3+,0,0,398.4,0
L3_0322,L3+,L3+,0,0,626.92,0
L3_0323,L3+,L3+,0,0,539.7,0
L3_0324,L3+,L3+,0,0,164.21,0
L3_0325,L3+,L3+,0,0,1549.05,0
L3_0326,L3+,L3+,0,0,669.51,0
L3_0327,L3+,L3+,0,0,404.12,0
L3_0328,L3+,L3+,0,0,473.02,0
L3_0329,L3+,L3+,0,0,272.02,0
L3_0330,L3+,L3+,0,0,142.33,0
L3_0331,L3+,L3+,0,0,220.01,0
L3_0332,L3+,L3+,0,0,709.09,0
L3_0333,L3+,L3+,0,0,7.25,0
L3_0334,L3+,L3+,0,0,61.69,0
L3_0335,L3+,L3+,0,0,23.55,0
L3_0336,L3+,L3+,0,0,20.79,0
L3_0337,L3+,L3+,0,0,967.1,0
L3_0338,L3+,L3+,0,0,608.12,0
L3_0339,L3+,L3+,0,0,321.39,0
L3_0340,L3+,L3+,0,0,51.48,0
L3_0341,L3+,L3+,0,0,338.26,0
L3_0342,L3+,L3+,0,0,320.73,0
L3_0343,L3+,L3+,0,0,95.1,0
L3_0344,L3+,L3+,0,0,284.45,0
L3_0345,L3+,L3+,0,0,254.17,0
L3_0346,L3+,L3+,0,0,478.36,0
L3_0347,L3+,L3+,0,0,504.06,0
L3_0348,L3+,L3+,0,0,23.18,0
L3_0349,L3+,L3+,0,0,234.69,0
L3_0350,L3+,L3+,0,0,491.56,0
L3_0351,L3+,L3+,0,0,349.72,0
L3_0352,L3+,L3+,0,0,970.67,0
L3_0353,L3+,L3+,0,0,537.49,0
L3_0354,L3+,L3+,0,0,88.93,0
L3_0355,L3+,L3+,0,0,36.59,0
L3_0356,L3+,L3+,0,0,514.2,0
L3_0357,L3+,L3+,0,0,13.43,0
L3_0358,L3+,L3+,0,0,440.67,0
L3_0359,L3+,L3+,0,0,1408.63,0
L3_0360,L3+,L3+,0,0,428.39,0
L3_0361,L3+,L3+,0,0,245.65,0
L3_0362,L3+,L3+,0,0,515.41,0
L3_0363,L3+,L3+,0,0,306.48,0
L3_0364,L3+,L3+,0,0,394.41,0
L3_0365,L3+,L3+,0,0,1419.06,0
L3_0366,L3+,L3+,0,0,243.96,0
L3_0367,L3+,L3+,0,0,1624.55,0
L3_0368,L3+,L3+,0,0,1178.79,0
L3_0369,L3+,L3+,0,0,108.95,0
L3_0370,L3+,L3+,0,0,35.94,0
L3_0371,L3+,L3+,0,0,53.11,0
L3_0372,L3+,L3+,0,0,9.19,0
L3_0373,L3+,L3+,0,0,49.6,0
L3_0374,L3+,L3+,0,0,574.44,0
L3_0375,L3+,L3+,0,0,36.92,0
L3_0376,L3+,L3+,0,0,192.08,0
L3_0377,L3+,L3+,0,0,931.76,0
L3_0378,L3+,L3+,0,0,11.77,0
L3_0379,L3+,L3+,0,0,842.27,0
L3_0380,L3+,L3+,0,0,165.54,0
L3_0381,L3+,L3+,0,0,62.88,0
L3_0382,L3+,L3+,0,0,596.58,0
L3_0383,L3+,L3+,0,0,495.7,0
L3_0384,L3+,L3+,0,0,1049.71,0
L3_0385,L3+,L3+,0,0,664.15,0
L3_0386,L3+,L3+,0,0,813.5,0
L3_0387,L3+,L3+,0,0,165.67,0
L3_0388,L3+,L3+,0,0,97.67,0
L3_0389,L3+,L3+,0,0,694.38,0
L3_0390,L3+,L3+,0,0,822.1,0
L3_0391,L3+,L3+,0,0,2328.5,0
L3_0392,L3+,L3+,0,0,266.04,0
L3_0393,L3+,L3+,0,0,232.62,0
L3_0394,L3+,L3+,0,0,748.98,0
L3_0395,L3+,L3+,0,0,208.37,0
L3_0396,L3+,L3+,0,0,1335.07,0
L3_0397,L3+,L3+,0,0,977.42,0
L3_0398,L3+,L3+,0,0,280.18,0
L3_0399,L3+,L3+,0,0,694.89,0
L3_0400,L3+,L3+,0,0,702.32,0
L3_0401,L3+,L3+,0,0,54.42,0
L3_0402,L3+,L3+,0,0,1164.22,0
L3_0403,L3+,L3+,0,0,351.85,0
L3_0404,L3+,L3+,0,0,875.67,0
L3_0405,L3+,L3+,0,0,192.87,0
L3_0406,L3+,L3+,0,0,1129.4,0
L3_0407,L3+,L3+,0,0,246.49,0
L3_0408,L3+,L3+,0,0,5.45,0
L3_0409,L3+,L3+,0,0,1178.95,0
L3_0410,L3+,L3+,0,0,47.86,0
L3_0411,L3+,L3+,0,0,192.33,0
L3_0412,L3+,L3+,0,0,1498.49,0
L3_0413,L3+,L3+,0,0,1503.97,0
L3_0414,L3+,L3+,0,0,426.0,0
L3_0415,L3+,L3+,0,0,499.62,0
L3_0416,L3+,L3+,0,0,297.51,0
L3_0417,L3+,L3+,0,0,173.51,0
L3_0418,L3+,L3+,0,0,199.24,0
L3_0419,L3+,L3+,0,0,558.16,0
L3_0420,L3+,L3+,0,0,697.92,0
L3_0421,L3+,L3+,0,0,784.1,0
L3_0422,L3+,L3+,0,0,779.42,0
L3_0423,L3+,L3+,0,0,47.82,0
L3_0424,L3+,L3+,0,0,341.02,0
L3_0425,L3+,L3+,0,0,29.64,0
L3_0426,L3+,L3+,0,0,398.73,0
L3_0427,L3+,L3+,0,0,291.28,0
L3_0428,L3+,L3+,0,0,1093.31,0
L3_0429,L3+,L3+,0,0,216.1,0
L3_0430,L3+,L3+,0,0,62.25,0
L3_0431,L3+,L3+,0,0,77.15,0
L3_0432,L3+,L3+,0,0,716.72,0
L3_0433,L3+,L3+,0,0,481.45,0
L3_0434,L3+,L3+,0,0,53.3,0
L3_0435,L3+,L3+,0,0,43.93,0
L3_0436,L3+,L3+,0,0,603.6,0
L3_0437,L3+,L3+,0,0,37.77,0
L3_0438,L3+,L3+,0,0,862.59,0
L3_0439,L3+,L3+,0,0,612.5,0
L3_0440,L3+,L3+,0,0,42.42,0
L3_0441,L3+,L3+,0,0,44.33,0
L3_0442,L3+,L3+,0,0,2157.73,0
L3_0443,L3+,L3+,0,0,234.42,0
L3_0444,L3+,L3+,0,0,231.53,0
L3_0445,L3+,L3+,0,0,837.79,0
L3_0446,L3+,L3+,0,0,1471.08,0
L3_0447,L3+,L3+,0,0,2134.39,0
L3_0448,L3+,L3+,0,0,699.95,0
L3_0449,L3+,L3+,0,0,236.01,0
L3_0450,L3+,L3+,0,0,43.6,0
L3_0451,L3+,L3+,0,0,750.62,0
L3_0452,L3+,L3+,0,0,408.68,0
L3_0453,L3+,L3+,0,0,276.02,0
L3_0454,L3+,L3+,0,0,1184.12,0
L3_0455,L3+,L3+,0,0,58.94,0
L3_0456,L3+,L3+,0,0,339.25,0
L3_0457,L3+,L3+,0,0,5.71,0
L3_0458,L3+,L3+,0,0,316.18,0
L3_0459,L3+,L3+,0,0,28.98,0
L3_0460,L3+,L3+,0,0,63.25,0
L3_0461,L3+,L3+,0,0,62.51,0
L3_0462,L3+,L3+,0,0,523.78,0
L3_0463,L3+,L3+,0,0,685.3,0
L3_0464,L3+,L3+,0,0,437.78,0
L3_0465,L3+,L3+,0,0,1637.36,0
L3_0466,L3+,L3+,0,0,234.9,0
L3_0467,L3+,L3+,0,0,168.23,0
L3_0468,L3+,L3+,0,0,1014.75,0
L3_0469,L3+,L3+,0,0,126.54,0
L3_0470,L3+,L3+,0,0,1651.44,0
L3_0471,L3+,L3+,0,0,6.11,0
L3_0472,L3+,L3+,0,0,1751.26,0
L3_0473,L3+,L3+,0,0,22.06,0
L3_0474,L3+,L3+,0,0,1108.86,0
L3_0475,L3+,L3+,0,0,375.07,0
L3_0476,L3+,L3+,0,0,2478.41,0
L3_0477,L3+,L3+,0,0,38.33,0
L3_0478,L3+,L3+,0,0,403.55,0
L3_0479,L3+,L3+,0,0,1741.79,0
L3_0480,L3+,L3+,0,0,370.22,0
L3_0481,L3+,L3+,0,0,496.31,0
L3_0482,L3+,L3+,0,0,594.95,0
L3_0483,L3+,L3+,0,0,303.06,0
L3_0484,L3+,L3+,0,0,493.84,0
L3_0485,L3+,L3+,0,0,438.91,0
L3_0486,L3+,L3+,0,0,1157.12,0
L3_0487,L3+,L3+,0,0,23.26,0
L3_0488,L3+,L3+,0,0,164.92,0
L3_0489,L3+,L3+,0,0,1502.0,0
L3_0490,L3+,L3+,0,0,1104.84,0
L3_0491,L3+,L3+,0,0,304.09,0
L3_0492,L3+,L3+,0,0,483.97,0
L3_0493,L3+,L3+,0,0,162.44,0
L3_0494,L3+,L3+,0,0,104.2,0
L3_0495,L3+,L3+,0,0,311.53,0
L3_0496,L3+,L3+,0,0,217.98,0
L3_0497,L3+,L3+,0,0,438.12,0
L3_0498,L3+,L3+,0,0,40.46,0
L3_0499,L3+,L3+,0,0,1832.48,0
L3_0500,L3+,L3+,0,0,2141.93,0
L3_0501,L3+,L3+,0,0,598.93,0
L3_0502,L3+,L3+,0,0,384.04,0
L3_0503,L3+,L3+,0,0,185.19,0
L3_0504,L3+,L3+,0,0,840.45,0
L3_0505,L3+,L3+,0,0,577.16,0
L3_0506,L3+,L3+,0,0,88.74,0
L3_0507,L3+,L3+,0,0,1209.15,0
L3_0508,L3+,L3+,0,0,864.5,0
L3_0509,L3+,L3+,0,0,1495.87,0
L3_0510,L3+,L3+,0,0,646.8,0
L3_0511,L3+,L3+,0,0,475.2,0
L3_0512,L3+,L3+,0,0,270.85,0
L3_0513,L3+,L3+,0,0,1349.51,0
L3_0514,L3+,L3+,0,0,1005.2,0
L3_0515,L3+,L3+,0,0,23.14,0
L3_0516,L3+,L3+,0,0,13.36,0
L3_0517,L3+,L3+,0,0,236.17,0
L3_0518,L3+,L3+,0,0,831.82,0
L3_0519,L3+,L3+,0,0,2182.14,0
L3_0520,L3+,L3+,0,0,81.5,0
L3_0521,L3+,L3+,0,0,450.86,0
L3_0522,L3+,L3+,0,0,239.74,0
L3_0523,L3+,L3+,0,0,1751.85,0
L3_0524,L3+,L3+,0,0,922.96,0
L3_0525,L3+,L3+,0,0,911.1,0
L3_0526,L3+,L3+,0,0,316.21,0
L3_0527,L3+,L3+,0,0,267.92,0
L3_0528,L3+,L3+,0,0,159.69,0
L3_0529,L3+,L3+,0,0,29.01,0
L3_0530,L3+,L3+,0,0,1000.21,0
L3_0531,L3+,L3+,0,0,838.06,0
L3_0532,L3+,L3+,0,0,4086.22,0
L3_0533,L3+,L3+,0,0,2847.44,0
L3_0534,L3+,L3+,0,0,405.33,0
L3_0535,L3+,L3+,0,0,732.64,0
L3_0536,L3+,L3+,0,0,1448.09,0
L3_0537,L3+,L3+,0,0,947.39,0
L3_0538,L3+,L3+,0,0,142.08,0
L3_0539,L3+,L3+,0,0,299.41,0
L3_0540,L3+,L3+,0,0,69.15,0
L3_0541,L3+,L3+,0,0,1540.11,0
L3_0542,L3+,L3+,0,0,465.92,0
L3_0543,L3+,L3+,0,0,129.8,0
L3_0544,L3+,L3+,0,0,556.91,0
L3_0545,L3+,L3+,0,0,481.34,0
L3_0546,L3+,L3+,0,0,221.71,0
L3_0547,L3+,L3+,0,0,60.27,0
L3_0548,L3+,L3+,0,0,556.72,0
L3_0549,L3+,L3+,0,0,367.31,0
L3_0550,L3+,L3+,0,0,739.9,0
L3_0551,L3+,L3+,0,0,367.15,0
L3_0552,L3+,L3+,0,0,955.89,0
L3_0553,L3+,L3+,0,0,401.38,0
L3_0554,L3+,L3+,0,0,411.56,0
L3_0555,L3+,L3+,0,0,1046.38,0
L3_0556,L3+,L3+,0,0,258.32,0
L3_0557,L3+,L3+,0,0,71.94,0
L3_0558,L3+,L3+,0,0,14.6,0
L3_0559,L3+,L3+,0,0,703.53,0
L3_0560,L3+,L3+,0,0,484.2,0
L3_0561,L3+,L3+,0,0,608.83,0
L3_0562,L3+,L3+,0,0,119.74,0
L3_0563,L3+,L3+,0,0,73.31,0
L3_0564,L3+,L3+,0,0,7.33,0
L3_0565,L3+,L3+,0,0,215.84,0
L3_0566,L3+,L3+,0,0,445.7,0
L3_0567,L3+,L3+,0,0,248.99,0
L3_0568,L3+,L3+,0,0,287.66,0
L3_0569,L3+,L3+,0,0,1172.53,0
L3_0570,L3+,L3+,0,0,214.05,0
L3_0571,L3+,L3+,0,0,360.76,0
L3_0572,L3+,L3+,0,0,765.44,0
L3_0573,L3+,L3+,0,0,252.54,0
L3_0574,L3+,L3+,0,0,486.55,0
L3_0575,L3+,L3+,0,0,991.57,0
L3_0576,L3+,L3+,0,0,1493.1,0
L3_0577,L3+,L3+,0,0,79.54,0
L3_0578,L3+,L3+,0,0,1305.83,0
L3_0579,L3+,L3+,0,0,338.75,0
L3_0580,L3+,L3+,0,0,149.37,0
L3_0581,L3+,L3+,0,0,307.29,0
L3_0582,L3+,L3+,0,0,1956.83,0
L3_0583,L3+,L3+,0,0,339.25,0
L3_0584,L3+,L3+,0,0,199.31,0
L3_0585,L3+,L3+,0,0,501.74,0
L3_0586,L3+,L3+,0,0,137.31,0
L3_0587,L3+,L3+,0,0,39.45,0
L3_0588,L3+,L3+,0,0,68.99,0
L3_0589,L3+,L3+,0,0,68.51,0
L3_0590,L3+,L3+,0,0,82.38,0
L3_0591,L3+,L3+,0,0,74.73,0
L3_0592,L3+,L3+,0,0,512.04,0
L3_0593,L3+,L3+,0,0,100.37,0
L3_0594,L3+,L3+,0,0,212.07,0
L3_0595,L3+,L3+,0,0,1135.49,0
L3_0596,L3+,L3+,0,0,321.19,0
L3_0597,L3+,L3+,0,0,550.64,0
L3_0598,L3+,L3+,0,0,94.56,0
L3_0599,L3+,L3+,0,0,106.78,0
L3_0600,L3+,L3+,0,0,20.86,0
L3_0601,L3+,L3+,0,0,92.52,0
L3_0602,L3+,L3+,0,0,163.27,0
L3_0603,L3+,L3+,0,0,97.41,0
L3_0604,L3+,L3+,0,0,46.44,0
L3_0605,L3+,L3+,0,0,64.28,0
L3_0606,L3+,L3+,0,0,308.81,0
L3_0607,L3+,L3+,0,0,115.55,0
L3_0608,L3+,L3+,0,0,226.49,0
L3_0609,L3+,L3+,0,0,350.0,0
L3_0610,L3+,L3+,0,0,586.23,0
L3_0611,L3+,L3+,0,0,20.05,0
L3_0612,L3+,L3+,0,0,803.25,0
L3_0613,L3+,L3+,0,0,494.3,0
L3_0614,L3+,L3+,0,0,42.65,0
L3_0615,L3+,L3+,0,0,1034.07,0
L3_0616,L3+,L3+,0,0,1268.35,0
L3_0617,L3+,L3+,0,0,31.51,0
L3_0618,L3+,L3+,0,0,162.09,0
L3_0619,L3+,L3+,0,0,820.47,0
L3_0620,L3+,L3+,0,0,689.68,0
L3_0621,L3+,L3+,0,0,101.99,0
L3_0622,L3+,L3+,0,0,117.45,0
L3_0623,L3+,L3+,0,0,231.39,0
L3_0624,L3+,L3+,0,0,331.33,0
L3_0625,L3+,L3+,0,0,481.5,0
L3_0626,L3+,L3+,0,0,230.16,0
L3_0627,L3+,L3+,0,0,310.45,0
L3_0628,L3+,L3+,0,0,688.11,0
L3_0629,L3+,L3+,0,0,18.69,0
L3_0630,L3+,L3+,0,0,145.47,0
L3_0631,L3+,L3+,0,0,624.75,0
L3_0632,L3+,L3+,0,0,1127.88,0
L3_0633,L3+,L3+,0,0,358.39,0
L3_0634,L3+,L3+,0,0,379.76,0
L3_0635,L3+,L3+,0,0,56.68,0
L3_0636,L3+,L3+,0,0,296.57,0
L3_0637,L3+,L3+,0,0,380.3,0
L3_0638,L3+,L3+,0,0,138.85,0
L3_0639,L3+,L3+,0,0,156.84,0
L3_0640,L3+,L3+,0,0,236.83,0
L3_0641,L3+,L3+,0,0,10.14,0
L3_0642,L3+,L3+,0,0,194.36,0
L3_0643,L3+,L3+,0,0,118.78,0
L3_0644,L3+,L3+,0,0,198.37,0
L3_0645,L3+,L3+,0,0,63.78,0
L3_0646,L3+,L3+,0,0,1106.04,0
L3_0647,L3+,L3+,0,0,450.2,0
L3_0648,L3+,L3+,0,0,568.32,0
L3_0649,L3+,L3+,0,0,778.35,0
L3_0650,L3+,L3+,0,0,345.02,0
L3_0651,L3+,L3+,0,0,45.47,0
L3_0652,L3+,L3+,0,0,385.13,0
L3_0653,L3+,L3+,0,0,441.96,0
L3_0654,L3+,L3+,0,0,684.11,0
L3_0655,L3+,L3+,0,0,282.52,0
L3_0656,L3+,L3+,0,0,68.24,0
L3_0657,L3+,L3+,0,0,166.88,0
L3_0658,L3+,L3+,0,0,225.56,0
L3_0659,L3+,L3+,0,0,519.11,0
L3_0660,L3+,L3+,0,0,422.89,0
L3_0661,L3+,L3+,0,0,220.1,0
L3_0662,L3+,L3+,0,0,2153.1,0
L3_0663,L3+,L3+,0,0,465.42,0
L3_0664,L3+,L3+,0,0,135.4,0
L3_0665,L3+,L3+,0,0,53.67,0
L3_0666,L3+,L3+,0,0,82.94,0
L3_0667,L3+,L3+,0,0,141.15,0
L3_0668,L3+,L3+,0,0,87.58,0
L3_0669,L3+,L3+,0,0,103.25,0
L3_0670,L3+,L3+,0,0,167.8,0
L3_0671,L3+,L3+,0,0,95.2,0
L3_0672,L3+,L3+,0,0,1135.38,0
L3_0673,L3+,L3+,0,0,41.82,0
L3_0674,L3+,L3+,0,0,371.71,0
L3_0675,L3+,L3+,0,0,264.15,0
L3_0676,L3+,L3+,0,0,2019.32,0
L3_0677,L3+,L3+,0,0,59.41,0
L3_0678,L3+,L3+,0,0,253.63,0
L3_0679,L3+,L3+,0,0,1744.53,0
L3_0680,L3+,L3+,0,0,1003.12,0
L3_0681,L3+,L3+,0,0,849.33,0
L3_0682,L3+,L3+,0,0,149.14,0
L3_0683,L3+,L3+,0,0,93.7,0
L3_0684,L3+,L3+,0,0,552.28,0
L3_0685,L3+,L3+,0,0,1325.19,0
L3_0686,L3+,L3+,0,0,406.83,0
L3_0687,L3+,L3+,0,0,423.86,0
L3_0688,L3+,L3+,0,0,164.24,0
L3_0689,L3+,L3+,0,0,733.74,0
L3_0690,L3+,L3+,0,0,103.54,0
L3_0691,L3+,L3+,0,0,195.54,0
L3_0692,L3+,L3+,0,0,277.07,0
L3_0693,L3+,L3+,0,0,354.24,0
L3_0694,L3+,L3+,0,0,138.81,0
L3_0695,L3+,L3+,0,0,60.99,0
L3_0696,L3+,L3+,0,0,471.6,0
L3_0697,L3+,L3+,0,0,170.28,0
L3_0698,L3+,L3+,0,0,435.23,0
L3_0699,L3+,L3+,0,0,83.83,0
L3_0700,L3+,L3+,0,0,328.06,0
L3_0701,L3+,L3+,0,0,380.27,0
L3_0702,L3+,L3+,0,0,26.61,0
L3_0703,L3+,L3+,0,0,205.19,0
L3_0704,L3+,L3+,0,0,72.17,0
L3_0705,L3+,L3+,0,0,32.74,0
L3_0706,L3+,L3+,0,0,2300.6,0
L3_0707,L3+,L3+,0,0,194.57,0
L3_0708,L3+,L3+,0,0,830.04,0
L3_0709,L3+,L3+,0,0,146.94,0
L3_0710,L3+,L3+,0,0,572.07,0
L3_0711,L3+,L3+,0,0,714.03,0
L3_0712,L3+,L3+,0,0,452.72,0
L3_0713,L3+,L3+,0,0,318.93,0
L3_0714,L3+,L3+,0,0,265.38,0
L3_0715,L3+,L3+,0,0,214.52,0
L3_0716,L3+,L3+,0,0,1326.28,0
L3_0717,L3+,L3+,0,0,887.8,0
L3_0718,L3+,L3+,0,0,1676.59,0
L3_0719,L3+,L3+,0,0,66.36,0
L3_0720,L3+,L3+,0,0,656.28,0
L3_0721,L3+,L3+,0,0,1393.06,0
L3_0722,L3+,L3+,0,0,99.98,0
L3_0723,L3+,L3+,0,0,34.41,0
L3_0724,L3+,L3+,0,0,675.7,0
L3_0725,L3+,L3+,0,0,427.21,0
L3_0726,L3+,L3+,0,0,922.04,0
L3_0727,L3+,L3+,0,0,75.28,0
L3_0728,L3+,L3+,0,0,793.03,0
L3_0729,L3+,L3+,0,0,112.59,0
L3_0730,L3+,L3+,0,0,89.36,0
L3_0731,L3+,L3+,0,0,89.72,0
L3_0732,L3+,L3+,0,0,842.55,0
L3_0733,L3+,L3+,0,0,547.11,0
L3_0734,L3+,L3+,0,0,370.19,0
L3_0735,L3+,L3+,0,0,222.23,0
L3_0736,L3+,L3+,0,0,1048.6,0
L3_0737,L3+,L3+,0,0,249.16,0
L3_0738,L3+,L3+,0,0,848.04,0
L3_0739,L3+,L3+,0,0,289.14,0
L3_0740,L3+,L3+,0,0,236.56,0
L3_0741,L3+,L3+,0,0,310.58,0
L3_0742,L3+,L3+,0,0,179.32,0
L3_0743,L3+,L3+,0,0,688.39,0
L3_0744,L3+,L3+,0,0,349.3,0
L3_0745,L3+,L3+,0,0,132.12,0
L3_0746,L3+,L3+,0,0,1149.17,0
L3_0747,L3+,L3+,0,0,242.17,0
L3_0748,L3+,L3+,0,0,392.14,0
L3_0749,L3+,L3+,0,0,1184.75,0
L3_0750,L3+,L3+,0,0,489.4,0
L3_0751,L3+,L3+,0,0,62.16,0
L3_0752,L3+,L3+,0,0,1405.31,0
L3_0753,L3+,L3+,0,0,494.04,0
L3_0754,L3+,L3+,0,0,203.91,0
L3_0755,L3+,L3+,0,0,74.99,0
L3_0756,L3+,L3+,0,0,790.0,0
L3_0757,L3+,L3+,0,0,483.89,0
L3_0758,L3+,L3+,0,0,381.21,0
L3_0759,L3+,L3+,0,0,1121.65,0
L3_0760,L3+,L3+,0,0,777.0,0
L3_0761,L3+,L3+,0,0,82.25,0
L3_0762,L3+,L3+,0,0,186.78,0
L3_0763,L3+,L3+,0,0,142.83,0
L3_0764,L3+,L3+,0,0,681.18,0
L3_0765,L3+,L3+,0,0,17.05,0
L3_0766,L3+,L3+,0,0,421.86,0
L3_0767,L3+,L3+,0,0,718.71,0
L3_0768,L3+,L3+,0,0,1046.83,0
L3_0769,L3+,L3+,0,0,209.34,0
L3_0770,L3+,L3+,0,0,860.9,0
L3_0771,L3+,L3+,0,0,58.62,0
L3_0772,L3+,L3+,0,0,936.87,0
L3_0773,L3+,L3+,0,0,68.19,0
L3_0774,L3+,L3+,0,0,253.16,0
L3_0775,L3+,L3+,0,0,798.0,0
L3_0776,L3+,L3+,0,0,81.21,0
L3_0777,L3+,L3+,0,0,130.2,0
L3_0778,L3+,L3+,0,0,640.52,0
L3_0779,L3+,L3+,0,0,636.55,0
L3_0780,L3+,L3+,0,0,512.42,0
L3_0781,L3+,L3+,0,0,592.0,0
L3_0782,L3+,L3+,0,0,391.23,0
L3_0783,L3+,L3+,0,0,145.04,0
L3_0784,L3+,L3+,0,0,212.09,0
L3_0785,L3+,L3+,0,0,100.2,0
L3_0786,L3+,L3+,0,0,1195.44,0
L3_0787,L3+,L3+,0,0,437.8,0
L3_0788,L3+,L3+,0,0,256.12,0
L3_0789,L3+,L3+,0,0,309.95,0
L3_0790,L3+,L3+,0,0,1471.41,0
L3_0791,L3+,L3+,0,0,83.23,0
L3_0792,L3+,L3+,0,0,441.22,0
L3_0793,L3+,L3+,0,0,352.5,0
L3_0794,L3+,L3+,0,0,472.67,0
L3_0795,L3+,L3+,0,0,9.14,0
L3_0796,L3+,L3+,0,0,1028.35,0
L3_0797,L3+,L3+,0,0,1344.99,0
L3_0798,L3+,L3+,0,0,416.36,0
L3_0799,L3+,L3+,0,0,596.44,0
L3_0800,L3+,L3+,0,0,1278.73,0
L3_0801,L3+,L3+,0,0,614.2,0
L3_0802,L3+,L3+,0,0,82.76,0
L3_0803,L3+,L3+,0,0,429.35,0
L3_0804,L3+,L3+,0,0,466.61,0
L3_0805,L3+,L3+,0,0,275.94,0
L3_0806,L3+,L3+,0,0,666.75,0
L3_0807,L3+,L3+,0,0,1361.84,0
L3_0808,L3+,L3+,0,0,1298.94,0
L3_0809,L3+,L3+,0,0,299.68,0
L3_0810,L3+,L3+,0,0,60.09,0
L3_0811,L3+,L3+,0,0,2094.59,0
L3_0812,L3+,L3+,0,0,912.86,0
L3_0813,L3+,L3+,0,0,66.57,0
L3_0814,L3+,L3+,0,0,1268.15,0
L3_0815,L3+,L3+,0,0,1019.71,0
L3_0816,L3+,L3+,0,0,365.78,0
L3_0817,L3+,L3+,0,0,447.36,0
L3_0818,L3+,L3+,0,0,254.58,0
L3_0819,L3+,L3+,0,0,28.16,0
L3_0820,L3+,L3+,0,0,204.13,0
L3_0821,L3+,L3+,0,0,811.9,0
L3_0822,L3+,L3+,0,0,2.32,0
L3_0823,L3+,L3+,0,0,202.86,0
L3_0824,L3+,L3+,0,0,253.89,0
L3_0825,L3+,L3+,0,0,385.44,0
L3_0826,L3+,L3+,0,0,1261.96,0
L3_0827,L3+,L3+,0,0,212.59,0
L3_0828,L3+,L3+,0,0,213.05,0
L3_0829,L3+,L3+,0,0,668.75,0
L3_0830,L3+,L3+,0,0,300.94,0
L3_0831,L3+,L3+,0,0,127.19,0
L3_0832,L3+,L3+,0,0,301.14,0
L3_0833,L3+,L3+,0,0,75.91,0
L3_0834,L3+,L3+,0,0,97.03,0
L3_0835,L3+,L3+,0,0,344.94,0
L3_0836,L3+,L3+,0,0,271.44,0
L3_0837,L3+,L3+,0,0,1231.65,0
L3_0838,L3+,L3+,0,0,225.02,0
L3_0839,L3+,L3+,0,0,434.45,0
L3_0840,L3+,L3+,0,0,500.2,0
L3_0841,L3+,L3+,0,0,6.59,0
L3_0842,L3+,L3+,0,0,544.63,0
L3_0843,L3+,L3+,0,0,98.03,0
L3_0844,L3+,L3+,0,0,1623.0,0
L3_0845,L3+,L3+,0,0,80.47,0
L3_0846,L3+,L3+,0,0,267.75,0
L3_0847,L3+,L3+,0,0,44.61,0
L3_0848,L3+,L3+,0,0,2884.04,0
L3_0849,L3+,L3+,0,0,348.77,0
L3_0850,L3+,L3+,0,0,452.41,0
L3_0851,L3+,L3+,0,0,34.72,0
L3_0852,L3+,L3+,0,0,693.07,0
L3_0853,L3+,L3+,0,0,117.8,0
L3_0854,L3+,L3+,0,0,1141.66,0
L3_0855,L3+,L3+,0,0,114.79,0
L3_0856,L3+,L3+,0,0,105.79,0
L3_0857,L3+,L3+,0,0,18.62,0
L3_0858,L3+,L3+,0,0,319.39,0
L3_0859,L3+,L3+,0,0,416.02,0
L3_0860,L3+,L3+,0,0,33.98,0
L3_0861,L3+,L3+,0,0,747.0,0
L3_0862,L3+,L3+,0,0,301.92,0
L3_0863,L3+,L3+,0,0,371.58,0
L3_0864,L3+,L3+,0,0,290.59,0
L3_0865,L3+,L3+,0,0,256.05,0
L3_0866,L3+,L3+,0,0,410.08,0
L3_0867,L3+,L3+,0,0,84.35,0
L3_0868,L3+,L3+,0,0,100.4,0
L3_0869,L3+,L3+,0,0,989.47,0
L3_0870,L3+,L3+,0,0,1460.46,0
L3_0871,L3+,L3+,0,0,233.65,0
L3_0872,L3+,L3+,0,0,157.87,0
L3_0873,L3+,L3+,0,0,516.41,0
L3_0874,L3+,L3+,0,0,262.74,0
L3_0875,L3+,L3+,0,0,12.86,0
L3_0876,L3+,L3+,0,0,84.89,0
L3_0877,L3+,L3+,0,0,629.34,0
L3_0878,L3+,L3+,0,0,537.82,0
L3_0879,L3+,L3+,0,0,13.73,0
L3_0880,L3+,L3+,0,0,125.5,0
L3_0881,L3+,L3+,0,0,131.38,0
L3_0882,L3+,L3+,0,0,557.21,0
L3_0883,L3+,L3+,0,0,9.95,0
L3_0884,L3+,L3+,0,0,54.97,0
L3_0885,L3+,L3+,0,0,804.51,0
L3_0886,L3+,L3+,0,0,98.34,0
L3_0887,L3+,L3+,0,0,528.85,0
L3_0888,L3+,L3+,0,0,136.02,0
L3_0889,L3+,L3+,0,0,52.37,0
L3_0890,L3+,L3+,0,0,139.31,0
L3_0891,L3+,L3+,0,0,640.55,0
L3_0892,L3+,L3+,0,0,967.92,0
L3_0893,L3+,L3+,0,0,886.63,0
L3_0894,L3+,L3+,0,0,253.07,0
L3_0895,L3+,L3+,0,0,551.44,0
L3_0896,L3+,L3+,0,0,114.7,0
L3_0897,L3+,L3+,0,0,173.47,0
L3_0898,L3+,L3+,0,0,1133.3,0
L3_0899,L3+,L3+,0,0,6.54,0
L3_0900,L3+,L3+,0,0,44.69,0
L3_0901,L3+,L3+,0,0,116.53,0
L3_0902,L3+,L3+,0,0,13.45,0
L3_0903,L3+,L3+,0,0,100.1,0
L3_0904,L3+,L3+,0,0,437.38,0
L3_0905,L3+,L3+,0,0,273.59,0
L3_0906,L3+,L3+,0,0,1115.93,0
L3_0907,L3+,L3+,0,0,850.35,0
L3_0908,L3+,L3+,0,0,209.14,0
L3_0909,L3+,L3+,0,0,150.16,0
L3_0910,L3+,L3+,0,0,238.77,0
L3_0911,L3+,L3+,0,0,446.16,0
L3_0912,L3+,L3+,0,0,156.03,0
L3_0913,L3+,L3+,0,0,489.28,0
L3_0914,L3+,L3+,0,0,263.32,0
L3_0915,L3+,L3+,0,0,401.53,0
L3_0916,L3+,L3+,0,0,286.46,0
L3_0917,L3+,L3+,0,0,174.4,0
L3_0918,L3+,L3+,0,0,1482.63,0
L3_0919,L3+,L3+,0,0,721.13,0
L3_0920,L3+,L3+,0,0,75.48,0
L3_0921,L3+,L3+,0,0,1014.25,0
L3_0922,L3+,L3+,0,0,334.16,0
L3_0923,L3+,L3+,0,0,1124.77,0
L3_0924,L3+,L3+,0,0,804.36,0
L3_0925,L3+,L3+,0,0,276.88,0
L3_0926,L3+,L3+,0,0,11.36,0
L3_0927,L3+,L3+,0,0,156.45,0
L3_0928,L3+,L3+,0,0,390.04,0
L3_0929,L3+,L3+,0,0,501.85,0
L3_0930,L3+,L3+,0,0,149.13,0
L3_0931,L3+,L3+,0,0,75.04,0
L3_0932,L3+,L3+,0,0,900.69,0
L3_0933,L3+,L3+,0,0,2080.31,0
L3_0934,L3+,L3+,0,0,372.95,0
L3_0935,L3+,L3+,0,0,94.18,0
L3_0936,L3+,L3+,0,0,158.94,0
L3_0937,L3+,L3+,0,0,9.28,0
L3_0938,L3+,L3+,0,0,1228.44,0
L3_0939,L3+,L3+,0,0,62.64,0
L3_0940,L3+,L3+,0,0,429.62,0
L3_0941,L3+,L3+,0,0,160.14,0
L3_0942,L3+,L3+,0,0,403.92,0
L3_0943,L3+,L3+,0,0,526.94,0
L3_0944,L3+,L3+,0,0,885.22,0
L3_0945,L3+,L3+,0,0,115.6,0
L3_0946,L3+,L3+,0,0,5.53,0
L3_0947,L3+,L3+,0,0,73.6,0
L3_0948,L3+,L3+,0,0,1151.39,0
L3_0949,L3+,L3+,0,0,1035.3,0
L3_0950,L3+,L3+,0,0,454.92,0
L3_0951,L3+,L3+,0,0,458.79,0
L3_0952,L3+,L3+,0,0,546.87,0
L3_0953,L3+,L3+,0,0,96.41,0
L3_0954,L3+,L3+,0,0,1229.1,0
L3_0955,L3+,L3+,0,0,271.3,0
L3_0956,L3+,L3+,0,0,241.56,0
L3_0957,L3+,L3+,0,0,365.86,0
L3_0958,L3+,L3+,0,0,24.05,0
L3_0959,L3+,L3+,0,0,90.93,0
L3_0960,L3+,L3+,0,0,669.77,0
L3_0961,L3+,L3+,0,0,43.21,0
L3_0962,L3+,L3+,0,0,462.1,0
L3_0963,L3+,L3+,0,0,140.75,0
L3_0964,L3+,L3+,0,0,246.57,0
L3_0965,L3+,L3+,0,0,170.33,0
L3_0966,L3+,L3+,0,0,219.77,0
L3_0967,L3+,L3+,0,0,634.78,0
L3_0968,L3+,L3+,0,0,176.29,0
L3_0969,L3+,L3+,0,0,417.82,0
L3_0970,L3+,L3+,0,0,323.18,0
L3_0971,L3+,L3+,0,0,544.83,0
L3_0972,L3+,L3+,0,0,1380.96,0
L3_0973,L3+,L3+,0,0,659.45,0
L3_0974,L3+,L3+,0,0,121.0,0
L3_0975,L3+,L3+,0,0,15.84,0
L3_0976,L3+,L3+,0,0,152.08,0
L3_0977,L3+,L3+,0,0,452.03,0
L3_0978,L3+,L3+,0,0,26.4,0
L3_0979,L3+,L3+,0,0,342.95,0
L3_0980,L3+,L3+,0,0,454.21,0
L3_0981,L3+,L3+,0,0,203.42,0
L3_0982,L3+,L3+,0,0,736.82,0
L3_0983,L3+,L3+,0,0,56.36,0
L3_0984,L3+,L3+,0,0,39.06,0
L3_0985,L3+,L3+,0,0,651.32,0
L3_0986,L3+,L3+,0,0,342.09,0
L3_0987,L3+,L3+,0,0,583.02,0
L3_0988,L3+,L3+,0,0,285.31,0
L3_0989,L3+,L3+,0,0,141.45,0
L3_0990,L3+,L3+,0,0,854.91,0
L3_0991,L3+,L3+,0,0,803.26,0
L3_0992,L3+,L3+,0,0,593.22,0
L3_0993,L3+,L3+,0,0,158.83,0
L3_0994,L3+,L3+,0,0,446.08,0
L3_0995,L3+,L3+,0,0,223.9,0
L3_0996,L3+,L3+,0,0,48.03,0
L3_0997,L3+,L3+,0,0,1246.35,0
L3_0998,L3+,L3+,0,0,73.57,0
L3_0999,L3+,L3+,0,0,1500.25,0
L3_1000,L3+,L3+,0,0,295.3,0
L3_1001,L3+,L3+,0,0,102.37,0
L3_1002,L3+,L3+,0,0,390.33,0
L3_1003,L3+,L3+,0,0,1031.57,0
L3_1004,L3+,L3+,0,0,658.8,0
L3_1005,L3+,L3+,0,0,821.4,0
L3_1006,L3+,L3+,0,0,537.62,0
L3_1007,L3+,L3+,0,0,589.28,0
L3_1008,L3+,L3+,0,0,945.89,0
L3_1009,L3+,L3+,0,0,143.62,0
L3_1010,L3+,L3+,0,0,336.11,0
L3_1011,L3+,L3+,0,0,125.01,0
L3_1012,L3+,L3+,0,0,2197.78,0
L3_1013,L3+,L3+,0,0,1441.73,0
L3_1014,L3+,L3+,0,0,20.11,0
L3_1015,L3+,L3+,0,0,611.37,0
L3_1016,L3+,L3+,0,0,1296.79,0
L3_1017,L3+,L3+,0,0,99.58,0
L3_1018,L3+,L3+,0,0,419.6,0
L3_1019,L3+,L3+,0,0,1235.43,0
L3_1020,L3+,L3+,0,0,17.27,0
L3_1021,L3+,L3+,0,0,597.71,0
L3_1022,L3+,L3+,0,0,176.45,0
L3_1023,L3+,L3+,0,0,1291.12,0
L3_1024,L3+,L3+,0,0,1771.23,0
L3_1025,L3+,L3+,0,0,1443.59,0
L3_1026,L3+,L3+,0,0,321.43,0
L3_1027,L3+,L3+,0,0,990.41,0
L3_1028,L3+,L3+,0,0,930.71,0
L3_1029,L3+,L3+,0,0,192.17,0
L3_1030,L3+,L3+,0,0,882.8,0
L3_1031,L3+,L3+,0,0,18.85,0
L3_1032,L3+,L3+,0,0,453.5,0
L3_1033,L3+,L3+,0,0,130.69,0
L3_1034,L3+,L3+,0,0,64.24,0
L3_1035,L3+,L3+,0,0,40.04,0
L3_1036,L3+,L3+,0,0,595.84,0
L3_1037,L3+,L3+,0,0,207.66,0
L3_1038,L3+,L3+,0,0,645.07,0
L3_1039,L3+,L3+,0,0,33.79,0
L3_1040,L3+,L3+,0,0,189.38,0
L3_1041,L3+,L3+,0,0,387.71,0
L3_1042,L3+,L3+,0,0,782.05,0
L3_1043,L3+,L3+,0,0,191.91,0
L3_1044,L3+,L3+,0,0,491.6,0
L3_1045,L3+,L3+,0,0,1085.68,0
L3_1046,L3+,L3+,0,0,478.38,0
L3_1047,L3+,L3+,0,0,132.61,0
L3_1048,L3+,L3+,0,0,12.35,0
L3_1049,L3+,L3+,0,0,1020.49,0
L3_1050,L3+,L3+,0,0,10.75,0
L3_1051,L3+,L3+,0,0,1038.53,0
L3_1052,L3+,L3+,0,0,376.38,0
L3_1053,L3+,L3+,0,0,1399.0,0
L3_1054,L3+,L3+,0,0,801.69,0
L3_1055,L3+,L3+,0,0,3091.1,0
L3_1056,L3+,L3+,0,0,215.94,0
L3_1057,L3+,L3+,0,0,728.76,0
L3_1058,L3+,L3+,0,0,257.02,0
L3_1059,L3+,L3+,0,0,326.84,0
L3_1060,L3+,L3+,0,0,493.77,0
L3_1061,L3+,L3+,0,0,1034.46,0
L3_1062,L3+,L3+,0,0,2070.2,0
L3_1063,L3+,L3+,0,0,731.1,0
L3_1064,L3+,L3+,0,0,270.44,0
L3_1065,L3+,L3+,0,0,273.53,0
L3_1066,L3+,L3+,0,0,668.91,0
L3_1067,L3+,L3+,0,0,136.41,0
L3_1068,L3+,L3+,0,0,58.53,0
L3_1069,L3+,L3+,0,0,218.96,0
L3_1070,L3+,L3+,0,0,169.3,0
L3_1071,L3+,L3+,0,0,175.71,0
L3_1072,L3+,L3+,0,0,133.03,0
L3_1073,L3+,L3+,0,0,21.5,0
L3_1074,L3+,L3+,0,0,9.02,0
L3_1075,L3+,L3+,0,0,2199.99,0
L3_1076,L3+,L3+,0,0,279.11,0
L3_1077,L3+,L3+,0,0,242.52,0
L3_1078,L3+,L3+,0,0,569.17,0
L3_1079,L3+,L3+,0,0,123.11,0
L3_1080,L3+,L3+,0,0,1497.48,0
L3_1081,L3+,L3+,0,0,771.7,0
L3_1082,L3+,L3+,0,0,46.83,0
L3_1083,L3+,L3+,0,0,270.28,0
L3_1084,L3+,L3+,0,0,1056.47,0
L3_1085,L3+,L3+,0,0,1447.78,0
L3_1086,L3+,L3+,0,0,314.99,0
L3_1087,L3+,L3+,0,0,475.2,0
L3_1088,L3+,L3+,0,0,91.38,0
L3_1089,L3+,L3+,0,0,2364.72,0
L3_1090,L3+,L3+,0,0,131.77,0
L3_1091,L3+,L3+,0,0,1430.0,0
L3_1092,L3+,L3+,0,0,524.41,0
L3_1093,L3+,L3+,0,0,467.91,0
L3_1094,L3+,L3+,0,0,359.43,0
L3_1095,L3+,L3+,0,0,131.12,0
L3_1096,L3+,L3+,0,0,97.11,0
L3_1097,L3+,L3+,0,0,124.54,0
L3_1098,L3+,L3+,0,0,103.17,0
L4_0001,L4+,L4+,1,1,14671.96,1
L4_0002,L4+,L4+,1,1,7851.93,1
L4_0003,L4+,L4+,1,1,2329.31,1
L4_0004,L4+,L4+,1,1,5536.11,1
L4_0005,L4+,L4+,1,1,2207.9,1
L4_0006,L4+,L4+,1,1,2931.19,1
L4_0007,L4+,L4+,1,1,280.05,1
L4_0008,L4+,L4+,1,1,4222.8,1
L4_0009,L4+,L4+,1,1,409.91,1
L4_0010,L4+,L4+,1,1,5247.27,1
L4_0011,L4+,L4+,1,1,4570.17,1
L4_0012,L4+,L4+,1,1,3700.67,1
L4_0013,L4+,L4+,1,1,110.49,1
L4_0014,L4+,L4+,1,1,1083.46,1
L4_0015,L4+,L4+,1,1,915.96,1
L4_0016,L4+,L4+,1,1,1339.5,1
L4_0017,L4+,L4+,1,1,275.17,1
L4_0018,L4+,L4+,1,1,8291.85,1
L4_0019,L4+,L4+,1,1,2420.98,1
L4_0020,L4+,L4+,1,1,1093.79,1
L4_0021,L4+,L4+,1,1,1517.42,1
L4_0022,L4+,L4+,1,1,1778.29,1
L4_0023,L4+,L4+,1,1,2753.33,1
L4_0024,L4+,L4+,1,1,2175.02,1
L4_0025,L4+,L4+,1,1,7554.47,1
L4_0026,L4+,L4+,1,1,2061.28,1
L4_0027,L4+,L4+,1,1,14544.79,1
L4_0028,L4+,L4+,1,1,5720.0,1
L4_0029,L4+,L4+,1,1,701.52,1
L4_0030,L4+,L4+,1,1,8003.4,1
L4_0031,L4+,L4+,1,1,371.14,1
L4_0032,L4+,L4+,1,1,5102.19,1
L4_0033,L4+,L4+,1,1,1437.12,1
L4_0034,L4+,L4+,1,1,6310.57,1
L4_0035,L4+,L4+,1,1,6076.15,1
L4_0036,L4+,L4+,1,1,4918.54,1
L4_0037,L4+,L4+,1,1,4682.38,1
L4_0038,L4+,L4+,1,1,1090.15,1
L4_0039,L4+,L4+,1,1,253.14,1
L4_0040,L4+,L4+,1,1,1547.41,1
L4_0041,L4+,L4+,1,1,571.76,1
L4_0042,L4+,L4+,1,1,3561.85,1
L4_0043,L4+,L4+,1,1,1274.4,1
L4_0044,L4+,L4+,1,1,11140.77,1
L4_0045,L4+,L4+,1,1,3073.07,1
L4_0046,L4+,L4+,1,1,5186.03,1
L4_0047,L4+,L4+,1,1,426.5,1
L4_0048,L4+,L4+,1,1,5941.82,1
L4_0049,L4+,L4+,1,1,7682.4,1
L4_0050,L4+,L4+,1,1,2002.8,1
L4_0051,L4+,L4+,1,1,2796.14,1
L4_0052,L4+,L4+,1,1,4342.08,1
L4_0053,L4+,L4+,1,1,576.53,1
L4_0054,L4+,L4+,1,1,2094.88,1
L4_0055,L4+,L4+,1,1,1525.8,1
L4_0056,L4+,L4+,1,1,474.79,1
L4_0057,L4+,L4+,1,1,1374.39,1
L4_0058,L4+,L4+,1,1,211.82,1
L4_0059,L4+,L4+,1,1,78.45,1
L4_0060,L4+,L4+,1,1,435.65,1
L4_0061,L4+,L4+,1,1,9899.86,1
L4_0062,L4+,L4+,1,1,2392.39,1
L4_0063,L4+,L4+,1,1,10128.53,1
L4_0064,L4+,L4+,1,1,1699.53,1
L4_0065,L4+,L4+,1,1,1121.1,1
L4_0066,L4+,L4+,1,1,2116.52,1
L4_0067,L4+,L4+,1,1,1736.84,1
L4_0068,L4+,L4+,1,1,335.02,1
L4_0069,L4+,L4+,0,1,2047.9,1
L4_0070,L4+,L4+,0,1,486.79,1
L4_0071,L4+,L4+,0,1,1933.0,1
L4_0072,L4+,L4+,0,1,2100.79,1
L4_0073,L4+,L4+,0,1,329.81,1
L4_0074,L4+,L4+,0,1,126.62,1
L4_0075,L4+,L4+,0,1,3035.19,1
L4_0076,L4+,L4+,0,1,1231.63,1
L4_0077,L4+,L4+,0,1,119.85,1
L4_0078,L4+,L4+,0,0,42.7,0
L4_0079,L4+,L4+,0,0,623.48,0
L4_0080,L4+,L4+,0,0,987.71,0
L4_0081,L4+,L4+,0,0,1638.16,0
L4_0082,L4+,L4+,0,0,1001.65,0
L4_0083,L4+,L4+,0,0,1294.49,0
L4_0084,L4+,L4+,0,0,331.75,0
L4_0085,L4+,L4+,0,0,1349.16,0
L4_0086,L4+,L4+,0,0,66.81,0
L4_0087,L4+,L4+,0,0,1801.64,0
L4_0088,L4+,L4+,0,0,634.54,0
L4_0089,L4+,L4+,0,0,1359.92,0
L4_0090,L4+,L4+,0,0,481.65,0
L4_0091,L4+,L4+,0,0,825.31,0
L4_0092,L4+,L4+,0,0,597.92,0
L4_0093,L4+,L4+,0,0,1052.19,0
L4_0094,L4+,L4+,0,0,68.12,0
L4_0095,L4+,L4+,0,0,49.8,0
L4_0096,L4+,L4+,0,0,227.06,0
L4_0097,L4+,L4+,0,0,139.05,0
L4_0098,L4+,L4+,0,0,1643.23,0
L4_0099,L4+,L4+,0,0,197.96,0
L4_0100,L4+,L4+,0,0,2979.28,0
L4_0101,L4+,L4+,0,0,328.66,0
L4_0102,L4+,L4+,0,0,160.83,0
L4_0103,L4+,L4+,0,0,1247.37,0
L4_0104,L4+,L4+,0,0,860.01,0
L4_0105,L4+,L4+,0,0,551.64,0
L4_0106,L4+,L4+,0,0,648.4,0
L4_0107,L4+,L4+,0,0,1016.1,0
L4_0108,L4+,L4+,0,0,207.49,0
L4_0109,L4+,L4+,0,0,4486.9,0
L4_0110,L4+,L4+,0,0,2944.51,0
L4_0111,L4+,L4+,0,0,840.6,0
L4_0112,L4+,L4+,0,0,178.06,0
L4_0113,L4+,L4+,0,0,912.12,0
L4_0114,L4+,L4+,0,0,59.95,0
L4_0115,L4+,L4+,0,0,24.91,0
L4_0116,L4+,L4+,0,0,238.38,0
L4_0117,L4+,L4+,0,0,496.84,0
L4_0118,L4+,L4+,0,0,1621.62,0
L4_0119,L4+,L4+,0,0,1039.12,0
L4_0120,L4+,L4+,0,0,1086.03,0
L4_0121,L4+,L4+,0,0,443.39,0
L4_0122,L4+,L4+,0,0,339.64,0
L4_0123,L4+,L4+,0,0,370.95,0
L4_0124,L4+,L4+,0,0,3515.25,0
L4_0125,L4+,L4+,0,0,32.75,0
L4_0126,L4+,L4+,0,0,1614.11,0
L4_0127,L4+,L4+,0,0,691.48,0
L4_0128,L4+,L4+,0,0,461.88,0
L4_0129,L4+,L4+,0,0,1033.54,0
L4_0130,L4+,L4+,0,0,533.47,0
L4_0131,L4+,L4+,0,0,1653.53,0
L4_0132,L4+,L4+,0,0,1847.7,0
L4_0133,L4+,L4+,0,0,438.16,0
L4_0134,L4+,L4+,0,0,259.29,0
L4_0135,L4+,L4+,0,0,717.88,0
L4_0136,L4+,L4+,0,0,1947.64,0
L4_0137,L4+,L4+,0,0,189.25,0
L4_0138,L4+,L4+,0,0,780.34,0
L4_0139,L4+,L4+,0,0,798.78,0
L4_0140,L4+,L4+,0,0,1056.74,0
L4_0141,L4+,L4+,0,0,112.85,0
L4_0142,L4+,L4+,0,0,1006.53,0
L4_0143,L4+,L4+,0,0,1917.8,0
L4_0144,L4+,L4+,0,0,158.45,0
L4_0145,L4+,L4+,0,0,216.97,0
L4_0146,L4+,L4+,0,0,2843.34,0
L4_0147,L4+,L4+,0,0,159.71,0
L4_0148,L4+,L4+,0,0,1541.43,0
L4_0149,L4+,L4+,0,0,542.26,0
L4_0150,L4+,L4+,0,0,227.2,0
L4_0151,L4+,L4+,0,0,1636.8,0
L4_0152,L4+,L4+,0,0,471.47,0
L4_0153,L4+,L4+,0,0,578.58,0
L4_0154,L4+,L4+,0,0,356.07,0
L4_0155,L4+,L4+,0,0,719.06,0
L4_0156,L4+,L4+,0,0,142.85,0
L4_0157,L4+,L4+,0,0,396.86,0
L4_0158,L4+,L4+,0,0,2789.73,0
L4_0159,L4+,L4+,0,0,238.87,0
L4_0160,L4+,L4+,0,0,855.41,0
L4_0161,L4+,L4+,0,0,314.66,0
L4_0162,L4+,L4+,0,0,1187.91,0
L4_0163,L4+,L4+,0,0,112.21,0
L4_0164,L4+,L4+,0,0,2800.49,0
L4_0165,L4+,L4+,0,0,483.8,0
L4_0166,L4+,L4+,0,0,215.4,0
L4_0167,L4+,L4+,0,0,61.07,0
L4_0168,L4+,L4+,0,0,148.83,0
L4_0169,L4+,L4+,0,0,586.8,0
L4_0170,L4+,L4+,0,0,328.79,0
L4_0171,L4+,L4+,0,0,1412.33,0
L4_0172,L4+,L4+,0,0,450.94,0
L4_0173,L4+,L4+,0,0,228.78,0
L4_0174,L4+,L4+,0,0,768.08,0
L4_0175,L4+,L4+,0,0,981.46,0
L4_0176,L4+,L4+,0,0,146.22,0
L4_0177,L4+,L4+,0,0,146.77,0
L4_0178,L4+,L4+,0,0,29.89,0
L4_0179,L4+,L4+,0,0,1066.66,0
L4_0180,L4+,L4+,0,0,872.05,0
L4_0181,L4+,L4+,0,0,514.92,0
L4_0182,L4+,L4+,0,0,1487.19,0
L4_0183,L4+,L4+,0,0,1310.56,0
L4_0184,L4+,L4+,0,0,704.26,0
L4_0185,L4+,L4+,0,0,1621.61,0
L4_0186,L4+,L4+,0,0,184.38,0
L4_0187,L4+,L4+,0,0,94.95,0
L4_0188,L4+,L4+,0,0,251.49,0
L4_0189,L4+,L4+,0,0,47.02,0
L4_0190,L4+,L4+,0,0,606.01,0
L4_0191,L4+,L4+,0,0,2206.7,0
L4_0192,L4+,L4+,0,0,32.11,0
L4_0193,L4+,L4+,0,0,104.19,0
L4_0194,L4+,L4+,0,0,481.47,0
L4_0195,L4+,L4+,0,0,2172.97,0
L4_0196,L4+,L4+,0,0,304.02,0
L4_0197,L4+,L4+,0,0,566.18,0
L4_0198,L4+,L4+,0,0,33.97,0
L4_0199,L4+,L4+,0,0,128.46,0
L4_0200,L4+,L4+,0,0,3451.8,0
L4_0201,L4+,L4+,0,0,2684.64,0
L4_0202,L4+,L4+,0,0,3.96,0
L4_0203,L4+,L4+,0,0,2426.11,0
L4_0204,L4+,L4+,0,0,815.37,0
L4_0205,L4+,L4+,0,0,1619.47,0
L4_0206,L4+,L4+,0,0,485.19,0
L4_0207,L4+,L4+,0,0,579.87,0
L4_0208,L4+,L4+,0,0,536.87,0
L4_0209,L4+,L4+,0,0,879.36,0
L4_0210,L4+,L4+,0,0,120.33,0
L4_0211,L4+,L4+,0,0,24.35,0
L4_0212,L4+,L4+,0,0,294.45,0
L4_0213,L4+,L4+,0,0,975.76,0
L4_0214,L4+,L4+,0,0,180.37,0
L4_0215,L4+,L4+,0,0,895.29,0
L4_0216,L4+,L4+,0,0,2802.9,0
L4_0217,L4+,L4+,0,0,78.89,0
L4_0218,L4+,L4+,0,0,893.26,0
L4_0219,L4+,L4+,0,0,469.23,0
L4_0220,L4+,L4+,0,0,1620.83,0
L4_0221,L4+,L4+,0,0,155.98,0
L4_0222,L4+,L4+,0,0,943.75,0
L4_0223,L4+,L4+,0,0,1456.7,0
L4_0224,L4+,L4+,0,0,2314.75,0
L4_0225,L4+,L4+,0,0,919.71,0
L4_0226,L4+,L4+,0,0,550.01,0
L4_0227,L4+,L4+,0,0,769.55,0
L4_0228,L4+,L4+,0,0,1625.47,0
L4_0229,L4+,L4+,0,0,676.31,0
L4_0230,L4+,L4+,0,0,24.69,0
L4_0231,L4+,L4+,0,0,2138.32,0
L4_0232,L4+,L4+,0,0,935.73,0
L4_0233,L4+,L4+,0,0,902.88,0
L4_0234,L4+,L4+,0,0,194.35,0
L4_0235,L4+,L4+,0,0,860.43,0
L4_0236,L4+,L4+,0,0,400.52,0
L4_0237,L4+,L4+,0,0,842.68,0
L4_0238,L4+,L4+,0,0,90.17,0
L4_0239,L4+,L4+,0,0,857.99,0
L4_0240,L4+,L4+,0,0,5953.38,0
L4_0241,L4+,L4+,0,0,39.53,0
L4_0242,L4+,L4+,0,0,3023.89,0
L4_0243,L4+,L4+,0,0,417.92,0
L4_0244,L4+,L4+,0,0,1636.83,0
L4_0245,L4+,L4+,0,0,1220.02,0
L4_0246,L4+,L4+,0,0,669.64,0
L4_0247,L4+,L4+,0,0,1072.9,0
L4_0248,L4+,L4+,0,0,1686.38,0
L4_0249,L4+,L4+,0,0,414.2,0
L4_0250,L4+,L4+,0,0,316.85,0
L4_0251,L4+,L4+,0,0,881.12,0
L4_0252,L4+,L4+,0,0,1319.57,0
L4_0253,L4+,L4+,0,0,1149.35,0
L4_0254,L4+,L4+,0,0,1278.85,0
L4_0255,L4+,L4+,0,0,457.57,0
L4_0256,L4+,L4+,0,0,1362.27,0
L4_0257,L4+,L4+,0,0,102.46,0
L4_0258,L4+,L4+,0,0,629.07,0
L4_0259,L4+,L4+,0,0,4.62,0
L4_0260,L4+,L4+,0,0,313.94,0
L4_0261,L4+,L4+,0,0,365.15,0
L4_0262,L4+,L4+,0,0,403.57,0
L4_0263,L4+,L4+,0,0,951.18,0
L4_0264,L4+,L4+,0,0,393.55,0
L4_0265,L4+,L4+,0,0,476.37,0
L4_0266,L4+,L4+,0,0,216.97,0
L4_0267,L4+,L4+,0,0,373.77,0
L4_0268,L4+,L4+,0,0,206.26,0
L4_0269,L4+,L4+,0,0,60.81,0
L4_0270,L4+,L4+,0,0,739.96,0
L4_0271,L4+,L4+,0,0,882.61,0
L4_0272,L4+,L4+,0,0,772.99,0
L4_0273,L4+,L4+,0,0,498.14,0
L4_0274,L4+,L4+,0,0,382.15,0
L4_0275,L4+,L4+,0,0,1592.17,0
L4_0276,L4+,L4+,0,0,585.65,0
L4_0277,L4+,L4+,0,0,521.88,0
L4_0278,L4+,L4+,0,0,20.78,0
L4_0279,L4+,L4+,0,0,333.93,0
L4_0280,L4+,L4+,0,0,382.68,0
L4_0281,L4+,L4+,0,0,407.09,0
L4_0282,L4+,L4+,0,0,694.33,0
L4_0283,L4+,L4+,0,0,610.17,0
L4_0284,L4+,L4+,0,0,749.0,0
L4_0285,L4+,L4+,0,0,1158.14,0
L4_0286,L4+,L4+,0,0,1341.26,0
L4_0287,L4+,L4+,0,0,1013.03,0
L4_0288,L4+,L4+,0,0,2490.24,0
L4_0289,L4+,L4+,0,0,14.72,0
L4_0290,L4+,L4+,0,0,174.3,0
L4_0291,L4+,L4+,0,0,6.07,0
L4_0292,L4+,L4+,0,0,834.11,0
L4_0293,L4+,L4+,0,0,1826.47,0
L4_0294,L4+,L4+,0,0,223.22,0
L4_0295,L4+,L4+,0,0,2094.22,0
L4_0296,L4+,L4+,0,0,49.73,0
L4_0297,L4+,L4+,0,0,2179.78,0
L4_0298,L4+,L4+,0,0,346.63,0
L4_0299,L4+,L4+,0,0,85.55,0
L4_0300,L4+,L4+,0,0,532.23,0
L4_0301,L4+,L4+,0,0,237.41,0
L4_0302,L4+,L4+,0,0,268.24,0
L4_0303,L4+,L4+,0,0,293.72,0
L4_0304,L4+,L4+,0,0,1299.75,0
L4_0305,L4+,L4+,0,0,619.77,0
L4_0306,L4+,L4+,0,0,298.37,0
L4_0307,L4+,L4+,0,0,753.97,0
L4_0308,L4+,L4+,0,0,1007.45,0
L4_0309,L4+,L4+,0,0,254.65,0
L4_0310,L4+,L4+,0,0,426.93,0
L4_0311,L4+,L4+,0,0,103.98,0
L4_0312,L4+,L4+,0,0,159.88,0
L4_0313,L4+,L4+,0,0,914.35,0
L4_0314,L4+,L4+,0,0,160.17,0
L4_0315,L4+,L4+,0,0,595.83,0
L4_0316,L4+,L4+,0,0,987.67,0
L4_0317,L4+,L4+,0,0,90.42,0
L4_0318,L4+,L4+,0,0,670.19,0
L4_0319,L4+,L4+,0,0,237.18,0
L4_0320,L4+,L4+,0,0,2635.89,0
L4_0321,L4+,L4+,0,0,528.61,0
L4_0322,L4+,L4+,0,0,1311.89,0
L4_0323,L4+,L4+,0,0,639.21,0
L4_0324,L4+,L4+,0,0,35.51,0
L4_0325,L4+,L4+,0,0,802.24,0
L4_0326,L4+,L4+,0,0,2419.36,0
L4_0327,L4+,L4+,0,0,736.26,0
L4_0328,L4+,L4+,0,0,1368.24,0
L4_0329,L4+,L4+,0,0,1724.76,0
L4_0330,L4+,L4+,0,0,207.1,0
L4_0331,L4+,L4+,0,0,190.65,0
L4_0332,L4+,L4+,0,0,755.3,0
L4_0333,L4+,L4+,0,0,423.5,0
L4_0334,L4+,L4+,0,0,1465.37,0
L4_0335,L4+,L4+,0,0,1842.25,0
L4_0336,L4+,L4+,0,0,348.85,0
L4_0337,L4+,L4+,0,0,216.26,0
L4_0338,L4+,L4+,0,0,1213.22,0
L4_0339,L4+,L4+,0,0,257.05,0
L4_0340,L4+,L4+,0,0,1383.54,0
L4_0341,L4+,L4+,0,0,440.95,0
L4_0342,L4+,L4+,0,0,881.01,0
L4_0343,L4+,L4+,0,0,80.33,0
L4_0344,L4+,L4+,0,0,782.23,0
L4_0345,L4+,L4+,0,0,480.84,0
L4_0346,L4+,L4+,0,0,706.69,0
L4_0347,L4+,L4+,0,0,147.15,0
L4_0348,L4+,L4+,0,0,1068.1,0
L4_0349,L4+,L4+,0,0,1589.04,0
L4_0350,L4+,L4+,0,0,195.43,0
L4_0351,L4+,L4+,0,0,80.49,0
L4_0352,L4+,L4+,0,0,19.14,0
L4_0353,L4+,L4+,0,0,821.71,0
L4_0354,L4+,L4+,0,0,747.35,0
L4_0355,L4+,L4+,0,0,632.96,0
L4_0356,L4+,L4+,0,0,211.12,0
L4_0357,L4+,L4+,0,0,396.63,0
L4_0358,L4+,L4+,0,0,722.06,0
L4_0359,L4+,L4+,0,0,549.36,0
L4_0360,L4+,L4+,0,0,3524.11,0
L4_0361,L4+,L4+,0,0,117.35,0
L4_0362,L4+,L4+,0,0,950.33,0
L4_0363,L4+,L4+,0,0,414.44,0
L4_0364,L4+,L4+,0,0,447.17,0
L4_0365,L4+,L4+,0,0,1011.54,0
L4_0366,L4+,L4+,0,0,943.26,0
L4_0367,L4+,L4+,0,0,3791.51,0
L4_0368,L4+,L4+,0,0,109.93,0
L4_0369,L4+,L4+,0,0,87.95,0
L4_0370,L4+,L4+,0,0,1030.87,0
L4_0371,L4+,L4+,0,0,690.93,0
L4_0372,L4+,L4+,0,0,256.34,0
L4_0373,L4+,L4+,0,0,66.2,0
L4_0374,L4+,L4+,0,0,71.64,0
L4_0375,L4+,L4+,0,0,1796.89,0
L4_0376,L4+,L4+,0,0,170.42,0
L4_0377,L4+,L4+,0,0,312.51,0
L4_0378,L4+,L4+,0,0,205.63,0
L4_0379,L4+,L4+,0,0,350.8,0
L4_0380,L4+,L4+,0,0,57.56,0
L4_0381,L4+,L4+,0,0,585.61,0
L4_0382,L4+,L4+,0,0,56.01,0
L4_0383,L4+,L4+,0,0,1288.98,0
L4_0384,L4+,L4+,0,0,212.96,0
L4_0385,L4+,L4+,0,0,621.24,0
L4_0386,L4+,L4+,0,0,1696.74,0
L4_0387,L4+,L4+,0,0,841.87,0
L4_0388,L4+,L4+,0,0,609.07,0
L4_0389,L4+,L4+,0,0,313.64,0
L4_0390,L4+,L4+,0,0,323.97,0
L4_0391,L4+,L4+,0,0,885.69,0
L4_0392,L4+,L4+,0,0,4111.6,0
L4_0393,L4+,L4+,0,0,867.39,0
L4_0394,L4+,L4+,0,0,652.76,0
L4_0395,L4+,L4+,0,0,1049.4,0
L4_0396,L4+,L4+,0,0,500.7,0
L4_0397,L4+,L4+,0,0,49.62,0
L4_0398,L4+,L4+,0,0,660.97,0
L4_0399,L4+,L4+,0,0,2528.96,0
L4_0400,L4+,L4+,0,0,154.19,0
L4_0401,L4+,L4+,0,0,936.96,0
L4_0402,L4+,L4+,0,0,179.45,0
L4_0403,L4+,L4+,0,0,614.0,0
L4_0404,L4+,L4+,0,0,81.34,0
L4_0405,L4+,L4+,0,0,478.81,0
L4_0406,L4+,L4+,0,0,1129.01,0
L4_0407,L4+,L4+,0,0,341.64,0
L4_0408,L4+,L4+,0,0,874.69,0
L4_0409,L4+,L4+,0,0,1269.55,0
L4_0410,L4+,L4+,0,0,2095.79,0
L4_0411,L4+,L4+,0,0,213.93,0
L4_0412,L4+,L4+,0,0,407.75,0
L4_0413,L4+,L4+,0,0,132.29,0
IZ_0001,Izzy Recco,Izzy Recco,1,1,36.73,1
IZ_0002,Izzy Recco,Izzy Recco,1,1,2672.98,1
IZ_0003,Izzy Recco,Izzy Recco,1,1,478.39,1
IZ_0004,Izzy Recco,Izzy Recco,1,1,1094.96,1
IZ_0005,Izzy Recco,Izzy Recco,1,1,532.28,1
IZ_0006,Izzy Recco,Izzy Recco,1,1,4237.19,1
IZ_0007,Izzy Recco,Izzy Recco,1,1,450.23,1
IZ_0008,Izzy Recco,Izzy Recco,1,1,842.28,1
IZ_0009,Izzy Recco,Izzy Recco,1,1,3092.17,1
IZ_0010,Izzy Recco,Izzy Recco,1,1,2767.11,1
IZ_0011,Izzy Recco,Izzy Recco,1,1,308.88,1
IZ_0012,Izzy Recco,Izzy Recco,1,1,2434.11,1
IZ_0013,Izzy Recco,Izzy Recco,1,1,919.25,1
IZ_0014,Izzy Recco,Izzy Recco,1,0,989.48,1
IZ_0015,Izzy Recco,Izzy Recco,1,0,214.91,1
IZ_0016,Izzy Recco,Izzy Recco,1,0,126.05,1
IZ_0017,Izzy Recco,Izzy Recco,1,0,1952.6,1
IZ_0018,Izzy Recco,Izzy Recco,0,0,224.62,0
IZ_0019,Izzy Recco,Izzy Recco,0,0,166.58,0
IZ_0020,Izzy Recco,Izzy Recco,0,0,42.02,0
IZ_0021,Izzy Recco,Izzy Recco,0,0,653.06,0
IZ_0022,Izzy Recco,Izzy Recco,0,0,179.23,0
IZ_0023,Izzy Recco,Izzy Recco,0,0,64.93,0
IZ_0024,Izzy Recco,Izzy Recco,0,0,137.55,0
IZ_0025,Izzy Recco,Izzy Recco,0,0,160.4,0
IZ_0026,Izzy Recco,Izzy Recco,0,0,527.27,0
IZ_0027,Izzy Recco,Izzy Recco,0,0,396.84,0
IZ_0028,Izzy Recco,Izzy Recco,0,0,440.0,0
IZ_0029,Izzy Recco,Izzy Recco,0,0,3.33,0
IZ_0030,Izzy Recco,Izzy Recco,0,0,161.44,0
IZ_0031,Izzy Recco,Izzy Recco,0,0,196.95,0
IZ_0032,Izzy Recco,Izzy Recco,0,0,5.81,0
IZ_0033,Izzy Recco,Izzy Recco,0,0,90.26,0
IZ_0034,Izzy Recco,Izzy Recco,0,0,428.5,0
IZ_0035,Izzy Recco,Izzy Recco,0,0,44.24,0
IZ_0036,Izzy Recco,Izzy Recco,0,0,229.92,0
IZ_0037,Izzy Recco,Izzy Recco,0,0,72.7,0
IZ_0038,Izzy Recco,Izzy Recco,0,0,3.66,0
IZ_0039,Izzy Recco,Izzy Recco,0,0,82.81,0
IZ_0040,Izzy Recco,Izzy Recco,0,0,1117.34,0
IZ_0041,Izzy Recco,Izzy Recco,0,0,485.15,0
IZ_0042,Izzy Recco,Izzy Recco,0,0,962.5,0
IZ_0043,Izzy Recco,Izzy Recco,0,0,200.74,0
IZ_0044,Izzy Recco,Izzy Recco,0,0,34.87,0
IZ_0045,Izzy Recco,Izzy Recco,0,0,238.2,0
IZ_0046,Izzy Recco,Izzy Recco,0,0,181.75,0
IZ_0047,Izzy Recco,Izzy Recco,0,0,558.06,0
IZ_0048,Izzy Recco,Izzy Recco,0,0,30.97,0
IZ_0049,Izzy Recco,Izzy Recco,0,0,200.97,0
IZ_0050,Izzy Recco,Izzy Recco,0,0,48.77,0
IZ_0051,Izzy Recco,Izzy Recco,0,0,117.77,0
IZ_0052,Izzy Recco,Izzy Recco,0,0,401.09,0
IZ_0053,Izzy Recco,Izzy Recco,0,0,193.89,0
IZ_0054,Izzy Recco,Izzy Recco,0,0,141.43,0
IZ_0055,Izzy Recco,Izzy Recco,0,0,150.5,0
IZ_0056,Izzy Recco,Izzy Recco,0,0,184.55,0
IZ_0057,Izzy Recco,Izzy Recco,0,0,461.16,0
IZ_0058,Izzy Recco,Izzy Recco,0,0,667.92,0
IZ_0059,Izzy Recco,Izzy Recco,0,0,932.57,0
IZ_0060,Izzy Recco,Izzy Recco,0,0,463.8,0
IZ_0061,Izzy Recco,Izzy Recco,0,0,113.68,0
IZ_0062,Izzy Recco,Izzy Recco,0,0,349.56,0
IZ_0063,Izzy Recco,Izzy Recco,0,0,172.66,0
IZ_0064,Izzy Recco,Izzy Recco,0,0,88.18,0
IZ_0065,Izzy Recco,Izzy Recco,0,0,551.41,0
IZ_0066,Izzy Recco,Izzy Recco,0,0,11.76,0
IZ_0067,Izzy Recco,Izzy Recco,0,0,696.11,0
IZ_0068,Izzy Recco,Izzy Recco,0,0,185.68,0
IZ_0069,Izzy Recco,Izzy Recco,0,0,304.17,0
IZ_0070,Izzy Recco,Izzy Recco,0,0,323.07,0
IZ_0071,Izzy Recco,Izzy Recco,0,0,676.48,0
IZ_0072,Izzy Recco,Izzy Recco,0,0,303.73,0
IZ_0073,Izzy Recco,Izzy Recco,0,0,285.52,0
IZ_0074,Izzy Recco,Izzy Recco,0,0,20.69,0
IZ_0075,Izzy Recco,Izzy Recco,0,0,219.2,0
IZ_0076,Izzy Recco,Izzy Recco,0,0,48.82,0
IZ_0077,Izzy Recco,Izzy Recco,0,0,401.18,0
IZ_0078,Izzy Recco,Izzy Recco,0,0,215.37,0
IZ_0079,Izzy Recco,Izzy Recco,0,0,342.04,0
IZ_0080,Izzy Recco,Izzy Recco,0,0,12.77,0
IZ_0081,Izzy Recco,Izzy Recco,0,0,26.58,0
IZ_0082,Izzy Recco,Izzy Recco,0,0,377.98,0
IZ_0083,Izzy Recco,Izzy Recco,0,0,22.44,0
IZ_0084,Izzy Recco,Izzy Recco,0,0,22.18,0
IZ_0085,Izzy Recco,Izzy Recco,0,0,3.65,0
IZ_0086,Izzy Recco,Izzy Recco,0,0,940.51,0
IZ_0087,Izzy Recco,Izzy Recco,0,0,401.26,0
IZ_0088,Izzy Recco,Izzy Recco,0,0,130.74,0
IZ_0089,Izzy Recco,Izzy Recco,0,0,105.52,0
IZ_0090,Izzy Recco,Izzy Recco,0,0,129.1,0
IZ_0091,Izzy Recco,Izzy Recco,0,0,447.03,0
IZ_0092,Izzy Recco,Izzy Recco,0,0,324.85,0
IZ_0093,Izzy Recco,Izzy Recco,0,0,61.44,0
IZ_0094,Izzy Recco,Izzy Recco,0,0,57.39,0
IZ_0095,Izzy Recco,Izzy Recco,0,0,31.07,0
IZ_0096,Izzy Recco,Izzy Recco,0,0,323.91,0
IZ_0097,Izzy Recco,Izzy Recco,0,0,433.65,0
IZ_0098,Izzy Recco,Izzy Recco,0,0,92.38,0
IZ_0099,Izzy Recco,Izzy Recco,0,0,6.35,0
IZ_0100,Izzy Recco,Izzy Recco,0,0,25.72,0
IZ_0101,Izzy Recco,Izzy Recco,0,0,1031.3,0
IZ_0102,Izzy Recco,Izzy Recco,0,0,105.06,0
IZ_0103,Izzy Recco,Izzy Recco,0,0,439.89,0
IZ_0104,Izzy Recco,Izzy Recco,0,0,293.98,0
IZ_0105,Izzy Recco,Izzy Recco,0,0,144.35,0
IZ_0106,Izzy Recco,Izzy Recco,0,0,69.08,0
IZ_0107,Izzy Recco,Izzy Recco,0,0,38.82,0
IZ_0108,Izzy Recco,Izzy Recco,0,0,286.36,0
IZ_0109,Izzy Recco,Izzy Recco,0,0,447.01,0
IZ_0110,Izzy Recco,Izzy Recco,0,0,309.77,0
IZ_0111,Izzy Recco,Izzy Recco,0,0,226.7,0
IZ_0112,Izzy Recco,Izzy Recco,0,0,12.86,0
IZ_0113,Izzy Recco,Izzy Recco,0,0,1037.22,0
IZ_0114,Izzy Recco,Izzy Recco,0,0,480.91,0
IZ_0115,Izzy Recco,Izzy Recco,0,0,103.94,0
IZ_0116,Izzy Recco,Izzy Recco,0,0,1173.16,0
IZ_0117,Izzy Recco,Izzy Recco,0,0,276.3,0
IZ_0118,Izzy Recco,Izzy Recco,0,0,261.99,0
IZ_0119,Izzy Recco,Izzy Recco,0,0,413.58,0
IZ_0120,Izzy Recco,Izzy Recco,0,0,501.03,0
IZ_0121,Izzy Recco,Izzy Recco,0,0,320.55,0
IZ_0122,Izzy Recco,Izzy Recco,0,0,41.12,0
IZ_0123,Izzy Recco,Izzy Recco,0,0,123.87,0
IZ_0124,Izzy Recco,Izzy Recco,0,0,789.68,0
IZ_0125,Izzy Recco,Izzy Recco,0,0,76.32,0
IZ_0126,Izzy Recco,Izzy Recco,0,0,139.64,0
IZ_0127,Izzy Recco,Izzy Recco,0,0,169.73,0
IZ_0128,Izzy Recco,Izzy Recco,0,0,173.63,0
IZ_0129,Izzy Recco,Izzy Recco,0,0,284.75,0
IZ_0130,Izzy Recco,Izzy Recco,0,0,859.81,0
IZ_0131,Izzy Recco,Izzy Recco,0,0,82.6,0
IZ_0132,Izzy Recco,Izzy Recco,0,0,38.86,0
IZ_0133,Izzy Recco,Izzy Recco,0,0,66.0,0
IZ_0134,Izzy Recco,Izzy Recco,0,0,653.91,0
IZ_0135,Izzy Recco,Izzy Recco,0,0,311.38,0
IZ_0136,Izzy Recco,Izzy Recco,0,0,101.02,0
IZ_0137,Izzy Recco,Izzy Recco,0,0,507.76,0
IZ_0138,Izzy Recco,Izzy Recco,0,0,592.78,0
IZ_0139,Izzy Recco,Izzy Recco,0,0,562.24,0
IZ_0140,Izzy Recco,Izzy Recco,0,0,753.72,0
IZ_0141,Izzy Recco,Izzy Recco,0,0,87.2,0
IZ_0142,Izzy Recco,Izzy Recco,0,0,422.0,0
IZ_0143,Izzy Recco,Izzy Recco,0,0,185.16,0
IZ_0144,Izzy Recco,Izzy Recco,0,0,553.55,0
IZ_0145,Izzy Recco,Izzy Recco,0,0,391.13,0
IZ_0146,Izzy Recco,Izzy Recco,0,0,449.43,0
IZ_0147,Izzy Recco,Izzy Recco,0,0,320.28,0
IZ_0148,Izzy Recco,Izzy Recco,0,0,58.6,0
IZ_0149,Izzy Recco,Izzy Recco,0,0,236.26,0
IZ_0150,Izzy Recco,Izzy Recco,0,0,1253.38,0
IZ_0151,Izzy Recco,Izzy Recco,0,0,831.24,0
IZ_0152,Izzy Recco,Izzy Recco,0,0,13.24,0
IZ_0153,Izzy Recco,Izzy Recco,0,0,54.03,0
IZ_0154,Izzy Recco,Izzy Recco,0,0,42.38,0
IZ_0155,Izzy Recco,Izzy Recco,0,0,388.37,0
IZ_0156,Izzy Recco,Izzy Recco,0,0,510.77,0
IZ_0157,Izzy Recco,Izzy Recco,0,0,72.05,0
IZ_0158,Izzy Recco,Izzy Recco,0,0,211.48,0
IZ_0159,Izzy Recco,Izzy Recco,0,0,551.1,0
IZ_0160,Izzy Recco,Izzy Recco,0,0,395.93,0
IZ_0161,Izzy Recco,Izzy Recco,0,0,234.42,0
IZ_0162,Izzy Recco,Izzy Recco,0,0,267.73,0
IZ_0163,Izzy Recco,Izzy Recco,0,0,213.0,0
IZ_0164,Izzy Recco,Izzy Recco,0,0,105.95,0
IZ_0165,Izzy Recco,Izzy Recco,0,0,249.74,0
IZ_0166,Izzy Recco,Izzy Recco,0,0,350.28,0
IZ_0167,Izzy Recco,Izzy Recco,0,0,619.83,0
IZ_0168,Izzy Recco,Izzy Recco,0,0,303.42,0
IZ_0169,Izzy Recco,Izzy Recco,0,0,429.54,0
IZ_0170,Izzy Recco,Izzy Recco,0,0,52.33,0
IZ_0171,Izzy Recco,Izzy Recco,0,0,185.72,0
IZ_0172,Izzy Recco,Izzy Recco,0,0,2.81,0
IZ_0173,Izzy Recco,Izzy Recco,0,0,84.98,0
IZ_0174,Izzy Recco,Izzy Recco,0,0,388.89,0
IZ_0175,Izzy Recco,Izzy Recco,0,0,1441.45,0
IZ_0176,Izzy Recco,Izzy Recco,0,0,31.33,0
IZ_0177,Izzy Recco,Izzy Recco,0,0,154.0,0
IZ_0178,Izzy Recco,Izzy Recco,0,0,482.94,0
IZ_0179,Izzy Recco,Izzy Recco,0,0,68.46,0
IZ_0180,Izzy Recco,Izzy Recco,0,0,242.96,0
IZ_0181,Izzy Recco,Izzy Recco,0,0,396.23,0
IZ_0182,Izzy Recco,Izzy Recco,0,0,287.12,0
IZ_0183,Izzy Recco,Izzy Recco,0,0,62.49,0
IZ_0184,Izzy Recco,Izzy Recco,0,0,131.73,0
IZ_0185,Izzy Recco,Izzy Recco,0,0,459.45,0
IZ_0186,Izzy Recco,Izzy Recco,0,0,242.38,0
IZ_0187,Izzy Recco,Izzy Recco,0,0,1.57,0
IZ_0188,Izzy Recco,Izzy Recco,0,0,429.38,0
IZ_0189,Izzy Recco,Izzy Recco,0,0,10.78,0
IZ_0190,Izzy Recco,Izzy Recco,0,0,410.81,0
IZ_0191,Izzy Recco,Izzy Recco,0,0,67.87,0
IZ_0192,Izzy Recco,Izzy Recco,0,0,951.55,0
IZ_0193,Izzy Recco,Izzy Recco,0,0,137.63,0
IZ_0194,Izzy Recco,Izzy Recco,0,0,118.77,0
IZ_0195,Izzy Recco,Izzy Recco,0,0,48.36,0
IZ_0196,Izzy Recco,Izzy Recco,0,0,109.41,0
IZ_0197,Izzy Recco,Izzy Recco,0,0,627.82,0
IZ_0198,Izzy Recco,Izzy Recco,0,0,1682.62,0
IZ_0199,Izzy Recco,Izzy Recco,0,0,137.81,0
IZ_0200,Izzy Recco,Izzy Recco,0,0,178.59,0
IZ_0201,Izzy Recco,Izzy Recco,0,0,384.12,0
IZ_0202,Izzy Recco,Izzy Recco,0,0,651.98,0
IZ_0203,Izzy Recco,Izzy Recco,0,0,269.72,0
IZ_0204,Izzy Recco,Izzy Recco,0,0,149.04,0
IZ_0205,Izzy Recco,Izzy Recco,0,0,159.63,0
IZ_0206,Izzy Recco,Izzy Recco,0,0,356.84,0
IZ_0207,Izzy Recco,Izzy Recco,0,0,0.97,0
IZ_0208,Izzy Recco,Izzy Recco,0,0,289.95,0
IZ_0209,Izzy Recco,Izzy Recco,0,0,131.78,0
IZ_0210,Izzy Recco,Izzy Recco,0,0,474.25,0
IZ_0211,Izzy Recco,Izzy Recco,0,0,29.28,0
IZ_0212,Izzy Recco,Izzy Recco,0,0,266.17,0
IZ_0213,Izzy Recco,Izzy Recco,0,0,196.74,0
IZ_0214,Izzy Recco,Izzy Recco,0,0,308.44,0
IZ_0215,Izzy Recco,Izzy Recco,0,0,20.12,0
IZ_0216,Izzy Recco,Izzy Recco,0,0,260.24,0
IZ_0217,Izzy Recco,Izzy Recco,0,0,247.31,0
IZ_0218,Izzy Recco,Izzy Recco,0,0,246.74,0
IZ_0219,Izzy Recco,Izzy Recco,0,0,277.51,0
IZ_0220,Izzy Recco,Izzy Recco,0,0,338.54,0
IZ_0221,Izzy Recco,Izzy Recco,0,0,490.41,0
IZ_0222,Izzy Recco,Izzy Recco,0,0,94.34,0
IZ_0223,Izzy Recco,Izzy Recco,0,0,522.98,0
IZ_0224,Izzy Recco,Izzy Recco,0,0,206.9,0
IZ_0225,Izzy Recco,Izzy Recco,0,0,24.06,0
IZ_0226,Izzy Recco,Izzy Recco,0,0,18.1,0
IZ_0227,Izzy Recco,Izzy Recco,0,0,122.05,0
IZ_0228,Izzy Recco,Izzy Recco,0,0,460.99,0
IZ_0229,Izzy Recco,Izzy Recco,0,0,368.97,0
IZ_0230,Izzy Recco,Izzy Recco,0,0,466.22,0
IZ_0231,Izzy Recco,Izzy Recco,0,0,218.49,0
IZ_0232,Izzy Recco,Izzy Recco,0,0,174.05,0
IZ_0233,Izzy Recco,Izzy Recco,0,0,47.86,0
IZ_0234,Izzy Recco,Izzy Recco,0,0,119.34,0
IZ_0235,Izzy Recco,Izzy Recco,0,0,170.76,0
IZ_0236,Izzy Recco,Izzy Recco,0,0,27.83,0
IZ_0237,Izzy Recco,Izzy Recco,0,0,74.77,0
IZ_0238,Izzy Recco,Izzy Recco,0,0,273.56,0
IZ_0239,Izzy Recco,Izzy Recco,0,0,399.16,0
IZ_0240,Izzy Recco,Izzy Recco,0,0,1921.64,0
IZ_0241,Izzy Recco,Izzy Recco,0,0,811.43,0
IZ_0242,Izzy Recco,Izzy Recco,0,0,308.64,0
IZ_0243,Izzy Recco,Izzy Recco,0,0,164.06,0
IZ_0244,Izzy Recco,Izzy Recco,0,0,303.33,0
IZ_0245,Izzy Recco,Izzy Recco,0,0,462.05,0
IZ_0246,Izzy Recco,Izzy Recco,0,0,37.78,0
IZ_0247,Izzy Recco,Izzy Recco,0,0,158.24,0
IZ_0248,Izzy Recco,Izzy Recco,0,0,549.4,0
IZ_0249,Izzy Recco,Izzy Recco,0,0,145.27,0
IZ_0250,Izzy Recco,Izzy Recco,0,0,254.5,0
IZ_0251,Izzy Recco,Izzy Recco,0,0,265.85,0
IZ_0252,Izzy Recco,Izzy Recco,0,0,61.18,0
IZ_0253,Izzy Recco,Izzy Recco,0,0,134.94,0
IZ_0254,Izzy Recco,Izzy Recco,0,0,122.17,0
IZ_0255,Izzy Recco,Izzy Recco,0,0,7.96,0
